date,adj_close
2014-11-07,11.259856224060059
2014-11-10,11.201887130737305
2014-11-11,11.201887130737305
2014-11-12,11.192967414855957
2014-11-13,10.952162742614746
2014-11-14,10.952162742614746
2014-11-17,11.02351188659668
2014-11-18,10.983378410339355
2014-11-19,10.947702407836914
2014-11-20,10.947702407836914
2014-11-21,11.126078605651855
2014-11-24,11.045808792114258
2014-11-25,10.996756553649902
2014-11-26,11.027971267700195
2014-11-28,10.483931541442871
2014-12-01,10.515146255493164
2014-12-02,10.46163272857666
2014-12-03,10.417040824890137
2014-12-04,10.394744873046875
2014-12-05,10.394744873046875
2014-12-08,10.189613342285156
2014-12-09,10.269883155822754
2014-12-10,10.153940200805664
2014-12-11,10.046916007995605
2014-12-12,9.957727432250977
2014-12-15,9.783814430236816
2014-12-16,9.742786407470703
2014-12-17,9.815027236938477
2014-12-18,9.826177597045898
2014-12-19,9.9309720993042
2014-12-22,9.721381187438965
2014-12-23,9.841784477233887
2014-12-24,9.696857452392578
2014-12-26,9.690165519714355
2014-12-29,9.605440139770508
2014-12-30,9.605440139770508
2014-12-31,9.516252517700195
2015-01-02,9.435983657836914
2015-01-05,9.32004165649414
2015-01-06,9.207219123840332
2015-01-07,9.153261184692383
2015-01-08,9.159504890441895
2015-01-09,9.114910125732422
2015-01-12,9.006102561950684
2015-01-13,8.953927040100098
2015-01-14,9.04222297668457
2015-01-15,8.927618980407715
2015-01-16,9.072102546691895
2015-01-20,8.958832740783691
2015-01-21,8.998968124389648
2015-01-22,9.02304744720459
2015-01-23,8.954374313354492
2015-01-26,8.936535835266113
2015-01-27,8.990049362182617
2015-01-28,8.865187644958496
2015-01-29,8.865187644958496
2015-01-30,9.025724411010742
2015-02-02,9.136316299438477
2015-02-03,9.431525230407715
2015-02-04,9.431525230407715
2015-02-05,9.288825035095215
2015-02-06,9.302204132080078
2015-02-09,9.386929512023926
2015-02-10,9.386929512023926
2015-02-11,9.195624351501465
2015-02-12,9.328960418701172
2015-02-13,9.328960418701172
2015-02-17,9.328960418701172
2015-02-18,9.34902572631836
2015-02-19,9.235312461853027
2015-02-20,9.297743797302246
2015-02-23,9.217476844787598
2015-02-24,9.226395606994629
2015-02-25,9.239771842956543
2015-02-26,9.257610321044922
2015-02-27,9.382471084594727
2015-03-02,9.257610321044922
2015-03-03,9.257610321044922
2015-03-04,9.226395606994629
2015-03-05,9.199636459350586
2015-03-06,9.083694458007812
2015-03-09,9.043560981750488
2015-03-10,8.923158645629883
2015-03-11,8.958832740783691
2015-03-12,9.034643173217773
2015-03-13,8.762621879577637
2015-03-16,8.741216659545898
2015-03-17,8.673436164855957
2015-03-18,8.686812400817871
2015-03-19,8.771541595458984
2015-03-20,8.887484550476074
2015-03-23,9.012344360351562
2015-03-24,8.93207836151123
2015-03-25,8.93207836151123
2015-03-26,9.077452659606934
2015-03-27,8.974886894226074
2015-03-30,8.974886894226074
2015-03-31,8.807215690612793
2015-04-01,8.96329402923584
2015-04-02,8.93207836151123
2015-04-06,9.074776649475098
2015-04-07,9.088154792785645
2015-04-08,9.050251007080078
2015-04-09,8.905766487121582
2015-04-10,8.986927032470703
2015-04-13,8.967751502990723
2015-04-14,8.990049362182617
2015-04-15,9.05247974395752
2015-04-16,9.253150939941406
2015-04-17,9.266529083251953
2015-04-20,9.186259269714355
2015-04-21,9.190719604492188
2015-04-22,9.177342414855957
2015-04-23,9.279905319213867
2015-04-24,9.288825035095215
2015-04-27,9.288825035095215
2015-04-28,9.29328441619873
2015-04-29,9.311121940612793
2015-04-30,9.418146133422852
2015-05-01,9.435983657836914
2015-05-04,9.409228324890137
2015-05-05,9.409228324890137
2015-05-06,9.501090049743652
2015-05-07,9.600980758666992
2015-05-08,9.4110107421875
2015-05-11,9.42260456085205
2015-05-12,9.485036849975586
2015-05-13,9.493955612182617
2015-05-14,9.534089088439941
2015-05-15,9.507333755493164
2015-05-18,9.462738990783691
2015-05-19,9.295068740844727
2015-05-20,9.295068740844727
2015-05-21,9.362404823303223
2015-05-22,9.311121940612793
2015-05-26,9.072102546691895
2015-05-27,8.945454597473145
2015-05-28,8.967751502990723
2015-05-29,9.088154792785645
2015-06-01,9.088154792785645
2015-06-02,9.177342414855957
2015-06-03,9.007885932922363
2015-06-04,8.914240837097168
2015-06-05,8.954374313354492
2015-06-08,9.043560981750488
2015-06-09,9.09707260131836
2015-06-10,9.306663513183594
2015-06-11,9.306663513183594
2015-06-12,9.306663513183594
2015-06-15,9.070317268371582
2015-06-16,9.061397552490234
2015-06-17,9.061397552490234
2015-06-18,9.1327486038208
2015-06-19,9.1327486038208
2015-06-22,9.065858840942383
2015-06-23,9.065858840942383
2015-06-24,9.128289222717285
2015-06-25,9.083694458007812
2015-06-26,9.09172248840332
2015-06-29,9.015021324157715
2015-06-30,9.117587089538574
2015-07-01,9.117587089538574
2015-07-02,9.117587089538574
2015-07-06,8.731405258178711
2015-07-07,8.753705024719238
2015-07-08,8.784918785095215
2015-07-09,8.878565788269043
2015-07-10,8.878565788269043
2015-07-13,8.91869831085205
2015-07-14,8.561951637268066
2015-07-15,8.768865585327148
2015-07-16,8.768865585327148
2015-07-17,8.561951637268066
2015-07-20,8.615463256835938
2015-07-21,8.491047859191895
2015-07-22,8.490601539611816
2015-07-23,8.468305587768555
2015-07-24,8.468305587768555
2015-07-27,8.16061019897461
2015-07-28,8.16061019897461
2015-07-29,8.16061019897461
2015-07-30,8.142773628234863
2015-07-31,8.23196029663086
2015-08-03,7.948792934417725
2015-08-04,8.04466724395752
2015-08-05,7.980005741119385
2015-08-06,7.980005741119385
2015-08-07,7.968857765197754
2015-08-10,8.01345157623291
2015-08-11,8.026829719543457
2015-08-12,8.075882911682129
2015-08-13,8.075882911682129
2015-08-14,7.94656229019165
2015-08-17,7.910885810852051
2015-08-18,7.866292476654053
2015-08-19,7.754809379577637
2015-08-20,7.7757673263549805
2015-08-21,7.655365467071533
2015-08-24,7.469411849975586
2015-08-25,7.517571449279785
2015-08-26,7.478329181671143
2015-08-27,7.576435089111328
2015-08-28,7.9376420974731445
2015-08-31,8.062503814697266
2015-09-01,7.834630489349365
2015-09-02,7.924263000488281
2015-09-03,7.94656229019165
2015-09-04,7.857375621795654
2015-09-08,7.719133377075195
2015-09-09,7.866292476654053
2015-09-10,7.906427383422852
2015-09-11,7.741431713104248
2015-09-14,7.799402236938477
2015-09-15,7.781564712524414
2015-09-16,7.92872428894043
2015-09-17,7.906427383422852
2015-09-18,7.826157569885254
2015-09-21,7.852916240692139
2015-09-22,7.799402236938477
2015-09-23,7.750349044799805
2015-09-24,7.790482997894287
2015-09-25,7.826157569885254
2015-09-28,7.757930755615234
2015-09-29,7.759268283843994
2015-09-30,7.808321475982666
2015-10-01,7.784240245819092
2015-10-02,7.728051662445068
2015-10-05,7.916683197021484
2015-10-06,8.095056533813477
2015-10-07,8.05715274810791
2015-10-08,8.066963195800781
2015-10-09,8.066963195800781
2015-10-12,8.294390678405762
2015-10-13,8.026829719543457
2015-10-14,7.9599385261535645
2015-10-15,7.964399814605713
2015-10-16,7.968857765197754
2015-10-19,7.875211715698242
2015-10-20,7.824820518493652
2015-10-21,7.794942855834961
2015-10-22,7.848455429077148
2015-10-23,7.788699626922607
2015-10-26,7.788699626922607
2015-10-27,7.702635288238525
2015-10-28,7.843996047973633
2015-10-29,7.857375621795654
2015-10-30,7.870750904083252
2015-11-02,7.835076808929443
2015-11-03,7.994277000427246
2015-11-04,7.8306169509887695
2015-11-05,7.745891094207764
2015-11-06,7.728943824768066
2015-11-09,7.728943824768066
2015-11-10,7.6433258056640625
2015-11-11,7.55324649810791
2015-11-12,7.4649505615234375
2015-11-13,7.414562225341797
2015-11-16,7.384682655334473
2015-11-17,7.322251319885254
2015-11-18,7.346778392791748
2015-11-19,7.357927322387695
2015-11-20,7.371305465698242
2015-11-23,7.398062229156494
2015-11-24,7.511774063110352
2015-11-25,7.511774063110352
2015-11-27,7.402075290679932
2015-11-30,7.402075290679932
2015-12-01,7.3869123458862305
2015-12-02,7.27319860458374
2015-12-03,7.375764846801758
2015-12-04,7.344548225402832
2015-12-07,7.175538063049316
2015-12-08,7.094826698303223
2015-12-09,7.121581077575684
2015-12-10,7.106419086456299
2015-12-11,7.031056880950928
2015-12-14,6.954356670379639
2015-12-15,6.965505599975586
2015-12-16,6.911992073059082
2015-12-17,6.871856689453125
2015-12-18,6.876317501068115
2015-12-21,6.876317501068115
2015-12-22,6.810764789581299
2015-12-23,6.961044788360596
2015-12-24,6.961044788360596
2015-12-28,6.854021072387695
2015-12-29,6.996719837188721
2015-12-30,6.90753173828125
2015-12-31,6.961044788360596
2016-01-04,6.88523530960083
2016-01-05,6.822805881500244
2016-01-06,6.697943687438965
2016-01-07,6.666727066040039
2016-01-08,6.653349876403809
2016-01-11,6.483894348144531
2016-01-12,6.412991046905518
2016-01-13,6.372411251068115
2016-01-14,6.40362548828125
2016-01-15,6.252007961273193
2016-01-19,6.234170913696289
2016-01-20,6.167280673980713
2016-01-21,6.234170913696289
2016-01-22,6.439300060272217
2016-01-25,6.283225059509277
2016-01-26,6.412545204162598
2016-01-27,6.470516681671143
2016-01-28,6.564162254333496
2016-01-29,6.613216400146484
2016-02-01,6.474976062774658
2016-02-02,6.363491535186768
2016-02-03,6.537406921386719
2016-02-04,6.524920463562012
2016-02-05,6.5017313957214355
2016-02-08,6.470516681671143
2016-02-09,6.280548095703125
2016-02-10,6.3099799156188965
2016-02-11,6.3813300132751465
2016-02-12,6.474976062774658
2016-02-16,6.399167060852051
2016-02-17,6.537406921386719
2016-02-18,6.483894348144531
2016-02-19,6.457138538360596
2016-02-22,6.546326160430908
2016-02-23,6.448667049407959
2016-02-24,6.532948017120361
2016-02-25,6.528487205505371
2016-02-26,6.510650157928467
2016-02-29,6.604295253753662
2016-03-01,6.604295253753662
2016-03-02,6.648890972137451
2016-03-03,6.680106163024902
2016-03-04,6.800506591796875
2016-03-07,6.938747882843018
2016-03-08,6.862940788269043
2016-03-09,6.947667121887207
2016-03-10,6.9298295974731445
2016-03-11,6.969964027404785
2016-03-14,6.898614406585693
2016-03-15,6.831723690032959
2016-03-16,6.947667121887207
2016-03-17,7.045772075653076
2016-03-18,7.019017219543457
2016-03-21,7.059150695800781
2016-03-22,7.094826698303223
2016-03-23,6.961044788360596
2016-03-24,6.911992073059082
2016-03-28,6.925370693206787
2016-03-29,6.916451454162598
2016-03-30,6.894155025482178
2016-03-31,6.871856689453125
2016-04-01,6.764833450317383
2016-04-04,6.684564590454102
2016-04-05,6.6399712562561035
2016-04-06,6.733618259429932
2016-04-07,6.70686149597168
2016-04-08,6.862940788269043
2016-04-11,6.9298295974731445
2016-04-12,7.063609600067139
2016-04-13,7.099284648895264
2016-04-14,7.054690837860107
2016-04-15,7.0279340744018555
2016-04-18,7.050232887268066
2016-04-19,7.206308841705322
2016-04-20,7.340088844299316
2016-04-21,7.3133320808410645
2016-04-22,7.28211784362793
2016-04-25,7.277657508850098
2016-04-26,7.371305465698242
2016-04-27,7.43819522857666
2016-04-28,7.482789039611816
2016-04-29,7.558597564697266
2016-05-02,7.4560322761535645
2016-05-03,7.349008083343506
2016-05-04,7.335630893707275
2016-05-05,7.264281272888184
2016-05-06,7.322251319885254
2016-05-09,7.161715030670166
2016-05-10,7.335630893707275
2016-05-11,7.478329181671143
2016-05-12,7.509544849395752
2016-05-13,7.5006256103515625
2016-05-16,7.576435089111328
2016-05-17,7.6433258056640625
2016-05-18,7.567516803741455
2016-05-19,7.563056945800781
2016-05-20,7.585354328155518
2016-05-23,7.540760517120361
2016-05-24,7.549679756164551
2016-05-25,7.634406566619873
2016-05-26,7.625487327575684
2016-05-27,7.67008113861084
2016-05-31,7.621029376983643
2016-06-01,7.679000377655029
2016-06-02,7.705757141113281
2016-06-03,7.772646427154541
2016-06-06,7.857375621795654
2016-06-07,7.924263000488281
2016-06-08,8.075882911682129
2016-06-09,8.058045387268066
2016-06-10,7.9599385261535645
2016-06-13,7.942102432250977
2016-06-14,7.910885810852051
2016-06-15,7.866292476654053
2016-06-16,7.732512474060059
2016-06-17,7.919804573059082
2016-06-20,8.000073432922363
2016-06-21,7.92872428894043
2016-06-22,7.875211715698242
2016-06-23,7.942102432250977
2016-06-24,7.7860236167907715
2016-06-27,7.768187522888184
2016-06-28,7.888587951660156
2016-06-29,7.991154670715332
2016-06-30,7.955479621887207
2016-07-01,8.062503814697266
2016-07-05,7.821699619293213
2016-07-06,7.866292476654053
2016-07-07,7.629947662353516
2016-07-08,7.728051662445068
2016-07-11,7.692376613616943
2016-07-12,7.835076808929443
2016-07-13,7.741431713104248
2016-07-14,7.768187522888184
2016-07-15,7.728051662445068
2016-07-18,7.701298236846924
2016-07-19,7.656703948974609
2016-07-20,7.598731517791748
2016-07-21,7.567516803741455
2016-07-22,7.549679756164551
2016-07-25,7.469411849975586
2016-07-26,7.433737277984619
2016-07-27,7.362386226654053
2016-07-28,7.340088844299316
2016-07-29,7.406980514526367
2016-08-01,7.2865777015686035
2016-08-02,7.27319860458374
2016-08-03,7.380222797393799
2016-08-04,7.411439418792725
2016-08-05,7.433737277984619
2016-08-08,7.491706371307373
2016-08-09,7.478329181671143
2016-08-10,7.375764846801758
2016-08-11,7.505086898803711
2016-08-12,7.563056945800781
2016-08-15,7.674540042877197
2016-08-16,7.732512474060059
2016-08-17,7.781564712524414
2016-08-18,7.866292476654053
2016-08-19,7.826157569885254
2016-08-22,7.763728141784668
2016-08-23,7.808321475982666
2016-08-24,7.701298236846924
2016-08-25,7.750349044799805
2016-08-26,7.71467399597168
2016-08-29,7.687917709350586
2016-08-30,7.612110137939453
2016-08-31,7.478329181671143
2016-09-01,7.389142990112305
2016-09-02,7.478329181671143
2016-09-06,7.531841278076172
2016-09-07,7.571976184844971
2016-09-08,7.723593235015869
2016-09-09,7.594273567199707
2016-09-12,7.603189945220947
2016-09-13,7.487248420715332
2016-09-14,7.451572418212891
2016-09-15,7.473869800567627
2016-09-16,7.491706371307373
2016-09-19,7.487248420715332
2016-09-20,7.527381896972656
2016-09-21,7.603189945220947
2016-09-22,7.656703948974609
2016-09-23,7.563056945800781
2016-09-26,7.6076507568359375
2016-09-27,7.545219421386719
2016-09-28,7.701298236846924
2016-09-29,7.745891094207764
2016-09-30,7.777106761932373
2016-10-03,7.839536190032959
2016-10-04,7.835076808929443
2016-10-05,7.888587951660156
2016-10-06,7.901967525482178
2016-10-07,7.870750904083252
2016-10-10,7.964399814605713
2016-10-11,7.910885810852051
2016-10-12,7.879671096801758
2016-10-13,7.924263000488281
2016-10-14,7.92872428894043
2016-10-17,7.924263000488281
2016-10-18,7.933183193206787
2016-10-19,7.982235431671143
2016-10-20,7.915346622467041
2016-10-21,7.955479621887207
2016-10-24,7.9599385261535645
2016-10-25,7.92872428894043
2016-10-26,7.884129047393799
2016-10-27,7.924263000488281
2016-10-28,7.879671096801758
2016-10-31,7.763728141784668
2016-11-01,7.794942855834961
2016-11-02,7.719133377075195
2016-11-03,7.68345832824707
2016-11-04,7.629947662353516
2016-11-07,7.673203945159912
2016-11-08,7.661163330078125
2016-11-09,7.71467399597168
2016-11-10,7.634406566619873
2016-11-11,7.487248420715332
2016-11-14,7.496166229248047
2016-11-15,7.629947662353516
2016-11-16,7.554138660430908
2016-11-17,7.558597564697266
2016-11-18,7.6076507568359375
2016-11-21,7.826157569885254
2016-11-22,7.821699619293213
2016-11-23,7.852916240692139
2016-11-25,7.781564712524414
2016-11-28,7.826157569885254
2016-11-29,7.652242660522461
2016-11-30,7.875211715698242
2016-12-01,8.008992195129395
2016-12-02,8.080342292785645
2016-12-05,8.129395484924316
2016-12-06,8.09817886352539
2016-12-07,8.026829719543457
2016-12-08,8.049126625061035
2016-12-09,8.093720436096191
2016-12-12,8.147232055664062
2016-12-13,8.16952896118164
2016-12-14,8.08926010131836
2016-12-15,8.075882911682129
2016-12-16,8.120574951171875
2016-12-19,8.073029518127441
2016-12-20,8.087292671203613
2016-12-21,8.058767318725586
2016-12-22,8.049257278442383
2016-12-23,8.054011344909668
2016-12-27,8.196643829345703
2016-12-28,8.182380676269531
2016-12-29,8.201397895812988
2016-12-30,8.215662956237793
2017-01-03,8.168118476867676
2017-01-04,8.182380676269531
2017-01-05,8.206153869628906
2017-01-06,8.206153869628906
2017-01-09,8.082537651062012
2017-01-10,8.03974723815918
2017-01-11,8.149099349975586
2017-01-12,8.258452415466309
2017-01-13,8.248942375183105
2017-01-17,8.253698348999023
2017-01-18,8.168118476867676
2017-01-19,8.153855323791504
2017-01-20,8.232301712036133
2017-01-23,8.24418830871582
2017-01-24,8.258452415466309
2017-01-25,8.215662956237793
2017-01-26,8.23468017578125
2017-01-27,8.177627563476562
2017-01-30,8.134838104248047
2017-01-31,8.177627563476562
2017-02-01,8.258452415466309
2017-02-02,8.267960548400879
2017-02-03,8.253698348999023
2017-02-06,8.201397895812988
2017-02-07,8.172873497009277
2017-02-08,8.201397895812988
2017-02-09,8.225170135498047
2017-02-10,8.327391624450684
2017-02-13,8.220417022705078
2017-02-14,8.253698348999023
2017-02-15,8.24418830871582
2017-02-16,8.201397895812988
2017-02-17,8.182380676269531
2017-02-21,8.187135696411133
2017-02-22,8.158609390258789
2017-02-23,8.16336441040039
2017-02-24,8.168118476867676
2017-02-27,8.144346237182617
2017-02-28,8.16336441040039
2017-03-01,8.191890716552734
2017-03-02,8.06827449798584
2017-03-03,8.111064910888672
2017-03-06,8.111064910888672
2017-03-07,8.06827449798584
2017-03-08,7.882853031158447
2017-03-09,7.8067803382873535
2017-03-10,7.744973659515381
2017-03-13,7.725955486297607
2017-03-14,7.702183723449707
2017-03-15,7.773499488830566
2017-03-16,7.768744945526123
2017-03-17,7.778254508972168
2017-03-20,7.783009052276611
2017-03-21,7.7402191162109375
2017-03-22,7.735465049743652
2017-03-23,7.7116923332214355
2017-03-24,7.754482269287109
2017-03-27,7.744973659515381
2017-03-28,7.771122932434082
2017-03-29,7.847193717956543
2017-03-30,7.868587970733643
2017-03-31,7.906624794006348
2017-04-03,7.873343467712402
2017-04-04,7.944658279418945
2017-04-05,7.968432426452637
2017-04-06,7.987448692321777
2017-04-07,8.011221885681152
2017-04-10,8.054011344909668
2017-04-11,8.07778263092041
2017-04-12,8.06827449798584
2017-04-13,8.096802711486816
2017-04-17,8.063519477844238
2017-04-18,8.020730972290039
2017-04-19,7.892360687255859
2017-04-20,7.859080791473389
2017-04-21,7.783009052276611
2017-04-24,7.754482269287109
2017-04-25,7.8067803382873535
2017-04-26,7.7402191162109375
2017-04-27,7.697429180145264
2017-04-28,7.706936836242676
2017-05-01,7.702183723449707
2017-05-02,7.616604328155518
2017-05-03,7.602340221405029
2017-05-04,7.402654647827148
2017-05-05,7.51200532913208
2017-05-08,7.478725433349609
2017-05-09,7.445444583892822
2017-05-10,7.559549331665039
2017-05-11,7.602340221405029
2017-05-12,7.602340221405029
2017-05-15,7.659394264221191
2017-05-16,7.654638767242432
2017-05-17,7.702183723449707
2017-05-18,7.683165550231934
2017-05-19,7.835308074951172
2017-05-22,7.892360687255859
2017-05-23,7.863834857940674
2017-05-24,7.849571228027344
2017-05-25,7.668902397155762
2017-05-26,7.7402191162109375
2017-05-30,7.668902397155762
2017-05-31,7.573814868927002
2017-06-01,7.528646469116211
2017-06-02,7.50249719619751
2017-06-05,7.450198650360107
2017-06-06,7.51200532913208
2017-06-07,7.383636474609375
2017-06-08,7.405031681060791
2017-06-09,7.431180477142334
2017-06-12,7.37888240814209
2017-06-13,7.407409191131592
2017-06-14,7.279038906097412
2017-06-15,7.295679092407227
2017-06-16,7.333714008331299
2017-06-19,7.274285793304443
2017-06-20,7.2124762535095215
2017-06-21,7.117387771606445
2017-06-22,7.150669574737549
2017-06-23,7.169686794281006
2017-06-26,7.198214530944824
2017-06-27,7.264776229858398
2017-06-28,7.317075252532959
2017-06-29,7.3551106452941895
2017-06-30,7.50249719619751
2017-07-03,7.564305782318115
2017-07-05,7.440688133239746
2017-07-06,7.469214916229248
2017-07-07,7.38839054107666
2017-07-10,7.431180477142334
2017-07-11,7.50249719619751
2017-07-12,7.478725433349609
2017-07-13,7.469214916229248
2017-07-14,7.54053258895874
2017-07-17,7.521513938903809
2017-07-18,7.559549331665039
2017-07-19,7.626112937927246
2017-07-20,7.616604328155518
2017-07-21,7.51200532913208
2017-07-24,7.521513938903809
2017-07-25,7.607094764709473
2017-07-26,7.678410053253174
2017-07-27,7.725955486297607
2017-07-28,7.763990879058838
2017-07-31,7.811534881591797
2017-08-01,7.730709552764893
2017-08-02,7.744973659515381
2017-08-03,7.706936836242676
2017-08-04,7.716446876525879
2017-08-07,7.74972677230835
2017-08-08,7.7402191162109375
2017-08-09,7.792517185211182
2017-08-10,7.678410053253174
2017-08-11,7.716446876525879
2017-08-14,7.626112937927246
2017-08-15,7.592831611633301
2017-08-16,7.578567981719971
2017-08-17,7.592831611633301
2017-08-18,7.730709552764893
2017-08-21,7.64037561416626
2017-08-22,7.66414737701416
2017-08-23,7.716446876525879
2017-08-24,7.706936836242676
2017-08-25,7.6926751136779785
2017-08-28,7.6926751136779785
2017-08-29,7.706936836242676
2017-08-30,7.621358871459961
2017-08-31,7.835308074951172
2017-09-01,7.859080791473389
2017-09-05,7.868587970733643
2017-09-06,7.944658279418945
2017-09-07,7.949414253234863
2017-09-08,7.849571228027344
2017-09-11,7.878097057342529
2017-09-12,7.901870250701904
2017-09-13,7.939905643463135
2017-09-14,7.954168796539307
2017-09-15,7.996957302093506
2017-09-18,7.982694625854492
2017-09-19,7.958921909332275
2017-09-20,8.020730972290039
2017-09-21,7.992204189300537
2017-09-22,8.011221885681152
2017-09-25,8.149099349975586
2017-09-26,8.0763578414917
2017-09-27,8.054011344909668
2017-09-28,8.03974723815918
2017-09-29,8.011221885681152
2017-10-02,7.939905643463135
2017-10-03,7.925642967224121
2017-10-04,7.949414253234863
2017-10-05,8.034993171691895
2017-10-06,7.906624794006348
2017-10-09,7.901870250701904
2017-10-10,8.011221885681152
2017-10-11,8.020730972290039
2017-10-12,8.006467819213867
2017-10-13,8.092047691345215
2017-10-16,8.115818977355957
2017-10-17,8.092047691345215
2017-10-18,8.092047691345215
2017-10-19,8.058767318725586
2017-10-20,8.10630989074707
2017-10-23,8.10630989074707
2017-10-24,8.187135696411133
2017-10-25,8.196643829345703
2017-10-26,8.220417022705078
2017-10-27,8.267960548400879
2017-10-30,8.286978721618652
2017-10-31,8.301241874694824
2017-11-01,8.30599594116211
2017-11-02,8.358295440673828
2017-11-03,8.401086807250977
2017-11-06,8.553227424621582
2017-11-07,8.529455184936523
2017-11-08,8.519947052001953
2017-11-09,8.534210205078125
2017-11-10,8.534210205078125
2017-11-13,8.486664772033691
2017-11-14,8.377313613891602
2017-11-15,8.367803573608398
2017-11-16,8.339278221130371
2017-11-17,8.462892532348633
2017-11-20,8.393954277038574
2017-11-21,8.443876266479492
2017-11-22,8.486664772033691
2017-11-24,8.519947052001953
2017-11-27,8.505681037902832
2017-11-28,8.477156639099121
2017-11-29,8.420103073120117
2017-11-30,8.38206672668457
2017-12-01,8.462892532348633
2017-12-04,8.358295440673828
2017-12-05,8.33690071105957
2017-12-06,8.206153869628906
2017-12-07,8.203775405883789
2017-12-08,8.258452415466309
2017-12-11,8.298864364624023
2017-12-12,8.225170135498047
2017-12-13,8.182380676269531
2017-12-14,8.215662956237793
2017-12-15,8.20853042602539
2017-12-18,8.259970664978027
2017-12-19,8.299539566040039
2017-12-20,8.353944778442383
2017-12-21,8.363837242126465
2017-12-22,8.400934219360352
2017-12-26,8.527057647705078
2017-12-27,8.544368743896484
2017-12-28,8.606196403503418
2017-12-29,8.630927085876465
2018-01-02,8.68038558959961
2018-01-03,8.729849815368652
2018-01-04,8.734794616699219
2018-01-05,8.70017147064209
2018-01-08,8.695225715637207
2018-01-09,8.754578590393066
2018-01-10,8.789201736450195
2018-01-11,8.789201736450195
2018-01-12,8.853501319885254
2018-01-16,8.799093246459961
2018-01-17,8.80898666381836
2018-01-18,8.804039001464844
2018-01-19,8.779309272766113
2018-01-22,8.80898666381836
2018-01-23,8.883176803588867
2018-01-24,8.967260360717773
2018-01-25,8.932638168334961
2018-01-26,8.996936798095703
2018-01-29,8.967260360717773
2018-01-30,8.905434608459473
2018-01-31,8.902961730957031
2018-02-01,8.967260360717773
2018-02-02,8.823824882507324
2018-02-05,8.729849815368652
2018-02-06,8.695225715637207
2018-02-07,8.571574211120605
2018-02-08,8.499855041503906
2018-02-09,8.36878490447998
2018-02-12,8.40340518951416
2018-02-13,8.433083534240723
2018-02-14,8.561681747436523
2018-02-15,8.596303939819336
2018-02-16,8.6160888671875
2018-02-20,8.621034622192383
2018-02-21,8.611141204833984
2018-02-22,8.705117225646973
2018-02-23,8.75952434539795
2018-02-26,8.799093246459961
2018-02-27,8.705117225646973
2018-02-28,8.606196403503418
2018-03-01,8.621034622192383
2018-03-02,8.611141204833984
2018-03-05,8.67544174194336
2018-03-06,8.695225715637207
2018-03-07,8.591358184814453
2018-03-08,8.551790237426758
2018-03-09,8.630927085876465
2018-03-12,8.591358184814453
2018-03-13,8.581464767456055
2018-03-14,8.586411476135254
2018-03-15,8.571574211120605
2018-03-16,8.621034622192383
2018-03-19,8.571574211120605
2018-03-20,8.611141204833984
2018-03-21,8.794148445129395
2018-03-22,8.72490119934082
2018-03-23,8.804039001464844
2018-03-26,8.794148445129395
2018-03-27,8.75952434539795
2018-03-28,8.72490119934082
2018-03-29,8.789201736450195
2018-04-02,8.685334205627441
2018-04-03,8.705117225646973
2018-04-04,8.695225715637207
2018-04-05,8.729849815368652
2018-04-06,8.660603523254395
2018-04-09,8.779309272766113
2018-04-10,8.927691459655762
2018-04-11,8.987046241760254
2018-04-12,8.967260360717773
2018-04-13,8.977152824401855
2018-04-16,8.937583923339844
2018-04-17,8.947476387023926
2018-04-18,9.120589256286621
2018-04-19,9.090913772583008
2018-04-20,9.076075553894043
2018-04-23,9.081021308898926
2018-04-24,9.026613235473633
2018-04-25,9.041454315185547
2018-04-26,9.076075553894043
2018-04-27,9.076075553894043
2018-04-30,9.115644454956055
2018-05-01,9.051344871520996
2018-05-02,9.041454315185547
2018-05-03,9.10575008392334
2018-05-04,9.170050621032715
2018-05-07,9.165105819702148
2018-05-08,9.194780349731445
2018-05-09,9.26897144317627
2018-05-10,9.293702125549316
2018-05-11,9.254134178161621
2018-05-14,9.308541297912598
2018-05-15,9.318432807922363
2018-05-16,9.367894172668457
2018-05-17,9.377785682678223
2018-05-18,9.387678146362305
2018-05-21,9.466814041137695
2018-05-22,9.47670841217041
2018-05-23,9.516276359558105
2018-05-24,9.456924438476562
2018-05-25,9.333272933959961
2018-05-29,9.244241714477539
2018-05-30,9.34811019897461
2018-05-31,9.318432807922363
2018-06-01,9.249187469482422
2018-06-04,9.15026569366455
2018-06-05,9.140375137329102
2018-06-06,9.165105819702148
2018-06-07,9.219510078430176
2018-06-08,9.21456527709961
2018-06-11,9.194780349731445
2018-06-12,9.194780349731445
2018-06-13,9.234350204467773
2018-06-14,9.135427474975586
2018-06-15,8.90790843963623
2018-06-18,8.982098579406738
2018-06-19,8.902961730957031
2018-06-20,8.883176803588867
2018-06-21,8.823824882507324
2018-06-22,9.001883506774902
2018-06-25,8.902961730957031
2018-06-26,8.987046241760254
2018-06-27,9.036505699157715
2018-06-28,9.036505699157715
2018-06-29,9.13048267364502
2018-07-02,8.957368850708008
2018-07-03,8.90790843963623
2018-07-05,8.982098579406738
2018-07-06,9.011775016784668
2018-07-09,9.07112979888916
2018-07-10,9.066183090209961
2018-07-11,8.75952434539795
2018-07-12,8.789201736450195
2018-07-13,8.80898666381836
2018-07-16,8.621034622192383
2018-07-17,8.635872840881348
2018-07-18,8.690279960632324
2018-07-19,8.685334205627441
2018-07-20,8.749632835388184
2018-07-23,8.784256935119629
2018-07-24,8.828770637512207
2018-07-25,8.942530632019043
2018-07-26,8.942530632019043
2018-07-27,8.912854194641113
2018-07-30,8.962316513061523
2018-07-31,8.902961730957031
2018-08-01,8.781782150268555
2018-08-02,8.823824882507324
2018-08-03,8.863393783569336
2018-08-06,8.873285293579102
2018-08-07,8.947476387023926
2018-08-08,8.823824882507324
2018-08-09,8.804039001464844
2018-08-10,8.799093246459961
2018-08-13,8.744688034057617
2018-08-14,8.769417762756348
2018-08-15,8.566627502441406
2018-08-16,8.64576530456543
2018-08-17,8.68038558959961
2018-08-20,8.70017147064209
2018-08-21,8.715010643005371
2018-08-22,8.838663101196289
2018-08-23,8.823824882507324
2018-08-24,8.88812255859375
2018-08-27,8.917800903320312
2018-08-28,8.883176803588867
2018-08-29,8.977152824401855
2018-08-30,8.962316513061523
2018-08-31,8.982098579406738
2018-09-04,8.927691459655762
2018-09-05,8.898015975952148
2018-09-06,8.838663101196289
2018-09-07,8.863393783569336
2018-09-10,8.883176803588867
2018-09-11,8.97220516204834
2018-09-12,9.041454315185547
2018-09-13,8.947476387023926
2018-09-14,8.898015975952148
2018-09-17,8.883176803588867
2018-09-18,8.957368850708008
2018-09-19,9.01672077178955
2018-09-20,9.01672077178955
2018-09-21,9.041454315185547
2018-09-24,9.160158157348633
2018-09-25,9.199728012084961
2018-09-26,9.15026569366455
2018-09-27,9.179943084716797
2018-09-28,9.28381061553955
2018-10-01,9.456924438476562
2018-10-02,9.496493339538574
2018-10-03,9.59046745300293
2018-10-04,9.481653213500977
2018-10-05,9.461870193481445
2018-10-08,9.437139511108398
2018-10-09,9.486600875854492
2018-10-10,9.323381423950195
2018-10-11,9.174996376037598
2018-10-12,9.249187469482422
2018-10-15,9.26897144317627
2018-10-16,9.31348705291748
2018-10-17,9.229403495788574
2018-10-18,9.13048267364502
2018-10-19,9.179943084716797
2018-10-22,9.189835548400879
2018-10-23,8.987046241760254
2018-10-24,8.932638168334961
2018-10-25,8.957368850708008
2018-10-26,9.036505699157715
2018-10-29,8.937583923339844
2018-10-30,8.893070220947266
2018-10-31,8.77436351776123
2018-11-01,8.710063934326172
2018-11-02,8.695225715637207
2018-11-05,8.685334205627441
2018-11-06,8.660603523254395
2018-11-07,8.650710105895996
2018-11-08,8.586411476135254
2018-11-09,8.482544898986816
2018-11-12,8.462760925292969
2018-11-13,8.210509300231934
2018-11-14,8.289647102355957
2018-11-15,8.274808883666992
2018-11-16,8.334160804748535
2018-11-19,8.314376831054688
2018-11-20,8.027504920959473
2018-11-21,8.101694107055664
2018-11-23,7.859337329864502
2018-11-26,7.893959045410156
2018-11-27,7.859337329864502
2018-11-28,7.81976842880249
2018-11-29,7.864282131195068
2018-11-30,7.8321332931518555
2018-12-03,8.012665748596191
2018-12-04,8.012665748596191
2018-12-06,7.943419933319092
2018-12-07,8.042341232299805
2018-12-10,7.9038519859313965
2018-12-11,7.9632039070129395
2018-12-12,7.933528900146484
2018-12-13,8.032448768615723
2018-12-14,7.91374397277832
2018-12-17,7.824713230133057
2018-12-18,7.661493301391602
2018-12-19,7.701062202453613
2018-12-20,7.631816864013672
2018-12-21,7.537840366363525
2018-12-24,7.488383769989014
2018-12-26,7.6332573890686035
2018-12-27,7.558322429656982
2018-12-28,7.483389377593994
2018-12-31,7.52834939956665
2019-01-02,7.5533270835876465
2019-01-03,7.608278751373291
2019-01-04,7.7181806564331055
2019-01-07,7.778128147125244
2019-01-08,7.843071937561035
2019-01-09,8.007925987243652
2019-01-10,7.997934341430664
2019-01-11,7.967961311340332
2019-01-14,7.883036136627197
2019-01-15,7.95297384262085
2019-01-16,8.002930641174316
2019-01-17,8.002930641174316
2019-01-18,8.077864646911621
2019-01-22,8.027909278869629
2019-01-23,8.017916679382324
2019-01-24,8.032904624938965
2019-01-25,8.072868347167969
2019-01-28,7.972956657409668
2019-01-29,8.037899017333984
2019-01-30,8.102842330932617
2019-01-31,8.077864646911621
2019-02-01,8.152796745300293
2019-02-04,8.152796745300293
2019-02-05,8.107837677001953
2019-02-06,8.122824668884277
2019-02-07,8.047890663146973
2019-02-08,8.052886009216309
2019-02-11,8.007925987243652
2019-02-12,8.052886009216309
2019-02-13,8.107837677001953
2019-02-14,8.13281536102295
2019-02-15,8.282683372497559
2019-02-19,8.307661056518555
2019-02-20,8.337635040283203
2019-02-21,8.357617378234863
2019-02-22,8.38259506225586
2019-02-25,8.247714042663574
2019-02-26,8.287678718566895
2019-02-27,8.327643394470215
2019-02-28,8.312655448913574
2019-03-01,8.222735404968262
2019-03-04,8.242717742919922
2019-03-05,8.277688026428223
2019-03-06,8.23772144317627
2019-03-07,8.217740058898926
2019-03-08,8.197758674621582
2019-03-11,8.217740058898926
2019-03-12,8.277688026428223
2019-03-13,8.342630386352539
2019-03-14,8.292675018310547
2019-03-15,8.292675018310547
2019-03-18,8.327643394470215
2019-03-19,8.347625732421875
2019-03-20,8.427556037902832
2019-03-21,8.37760066986084
2019-03-22,8.312655448913574
2019-03-25,8.33263874053955
2019-03-26,8.362610816955566
2019-03-27,8.31765079498291
2019-03-28,8.287678718566895
2019-03-29,8.2976713180542
2019-04-01,8.372603416442871
2019-04-02,8.392584800720215
2019-04-03,8.397581100463867
2019-04-04,8.407572746276855
2019-04-05,8.447537422180176
2019-04-08,8.477511405944824
2019-04-09,8.462523460388184
2019-04-10,8.537458419799805
2019-04-11,8.48750114440918
2019-04-12,8.507484436035156
2019-04-15,8.48750114440918
2019-04-16,8.462523460388184
2019-04-17,8.452532768249512
2019-04-18,8.457529067993164
2019-04-22,8.517475128173828
2019-04-23,8.512478828430176
2019-04-24,8.497492790222168
2019-04-25,8.477511405944824
2019-04-26,8.37760066986084
2019-04-29,8.372603416442871
2019-04-30,8.397581100463867
2019-05-01,8.387590408325195
2019-05-02,8.277688026428223
2019-05-03,8.282683372497559
2019-05-06,8.307661056518555
2019-05-07,8.192761421203613
2019-05-08,8.227731704711914
2019-05-09,8.177775382995605
2019-05-10,8.197758674621582
2019-05-13,8.152796745300293
2019-05-14,8.27269172668457
2019-05-15,8.33263874053955
2019-05-16,8.397581100463867
2019-05-17,8.31765079498291
2019-05-20,8.347625732421875
2019-05-21,8.342630386352539
2019-05-22,8.23772144317627
2019-05-23,8.057881355285645
2019-05-24,8.152796745300293
2019-05-28,8.217740058898926
2019-05-29,8.202754020690918
2019-05-30,8.112833023071289
2019-05-31,7.893026351928711
2019-06-03,7.858057498931885
2019-06-04,7.918004989624023
2019-06-05,7.7481560707092285
2019-06-06,7.868048191070557
2019-06-07,7.898022651672363
2019-06-10,7.878040790557861
2019-06-11,7.92799711227417
2019-06-12,7.818092346191406
2019-06-13,7.918004989624023
2019-06-14,7.945480823516846
2019-06-17,7.918004989624023
2019-06-18,8.007925987243652
2019-06-19,7.977952480316162
2019-06-20,8.127820014953613
2019-06-21,8.142805099487305
2019-06-24,8.192761421203613
2019-06-25,8.222735404968262
2019-06-26,8.282683372497559
2019-06-27,8.282683372497559
2019-06-28,8.177775382995605
2019-07-01,8.192761421203613
2019-07-02,8.057881355285645
2019-07-03,8.13281536102295
2019-07-05,8.152796745300293
2019-07-08,8.13281536102295
2019-07-09,8.17278003692627
2019-07-10,8.342630386352539
2019-07-11,8.347625732421875
2019-07-12,8.37760066986084
2019-07-15,8.262701988220215
2019-07-16,8.182770729064941
2019-07-17,8.102842330932617
2019-07-18,8.037899017333984
2019-07-19,8.092849731445312
2019-07-22,8.077864646911621
2019-07-23,8.115331649780273
2019-07-24,8.077864646911621
2019-07-25,8.062875747680664
2019-07-26,8.072868347167969
2019-07-29,8.102842330932617
2019-07-30,8.147801399230957
2019-07-31,8.107837677001953
2019-08-01,7.878040790557861
2019-08-02,7.893026351928711
2019-08-05,7.828084468841553
2019-08-06,7.773133277893066
2019-08-07,7.67821741104126
2019-08-08,7.728173732757568
2019-08-09,7.775630474090576
2019-08-12,7.708191394805908
2019-08-13,7.888031482696533
2019-08-14,7.758147716522217
2019-08-15,7.708191394805908
2019-08-16,7.7181806564331055
2019-08-19,7.7481560707092285
2019-08-20,7.7481560707092285
2019-08-21,7.778128147125244
2019-08-22,7.743160247802734
2019-08-23,7.683213710784912
2019-08-26,7.67821741104126
2019-08-27,7.733169078826904
2019-08-28,7.818092346191406
2019-08-29,7.828084468841553
2019-08-30,7.713185787200928
2019-09-03,7.658236026763916
2019-09-04,7.843071937561035
2019-09-05,7.8330817222595215
2019-09-06,7.8330817222595215
2019-09-09,7.908013820648193
2019-09-10,7.932992458343506
2019-09-11,7.873044013977051
2019-09-12,7.843071937561035
2019-09-13,7.843071937561035
2019-09-16,8.182770729064941
2019-09-17,8.017916679382324
2019-09-18,7.982947826385498
2019-09-19,8.032904624938965
2019-09-20,8.012921333312988
2019-09-23,8.04289436340332
2019-09-24,7.9429826736450195
2019-09-25,7.913008213043213
2019-09-26,7.908013820648193
2019-09-27,7.893026351928711
2019-09-30,7.803107738494873
2019-10-01,7.793115615844727
2019-10-02,7.733169078826904
2019-10-03,7.733169078826904
2019-10-04,7.778128147125244
2019-10-07,7.778128147125244
2019-10-08,7.768136978149414
2019-10-09,7.7981109619140625
2019-10-10,7.848067283630371
2019-10-11,7.93798828125
2019-10-14,7.888031482696533
2019-10-15,7.868048191070557
2019-10-16,7.878040790557861
2019-10-17,7.913008213043213
2019-10-18,7.913008213043213
2019-10-21,7.908013820648193
2019-10-22,7.908013820648193
2019-10-23,7.997934341430664
2019-10-24,8.04289436340332
2019-10-25,8.08285903930664
2019-10-28,8.052886009216309
2019-10-29,8.047890663146973
2019-10-30,7.987943649291992
2019-10-31,7.9429826736450195
2019-11-01,8.08285903930664
2019-11-04,8.13281536102295
2019-11-05,8.152796745300293
2019-11-06,8.067872047424316
2019-11-07,8.057881355285645
2019-11-08,8.077864646911621
2019-11-11,8.03040599822998
2019-11-12,8.047890663146973
2019-11-13,8.062875747680664
2019-11-14,8.032904624938965
2019-11-15,8.067872047424316
2019-11-18,7.982947826385498
2019-11-19,7.913008213043213
2019-11-20,8.012921333312988
2019-11-21,8.077864646911621
2019-11-22,8.072868347167969
2019-11-25,8.067872047424316
2019-11-26,8.117829322814941
2019-11-27,8.087854385375977
2019-11-29,7.932992458343506
2019-12-02,7.913008213043213
2019-12-03,7.923000335693359
2019-12-04,8.02291202545166
2019-12-05,8.047890663146973
2019-12-06,8.097845077514648
2019-12-09,8.087854385375977
2019-12-10,8.122824668884277
2019-12-11,8.087854385375977
2019-12-12,8.142805099487305
2019-12-13,8.187766075134277
2019-12-16,8.252710342407227
2019-12-17,8.302666664123535
2019-12-18,8.307661056518555
2019-12-19,8.327643394470215
2019-12-20,8.31765079498291
2019-12-23,8.323731422424316
2019-12-24,8.374394416809082
2019-12-26,8.419989585876465
2019-12-27,8.445319175720215
2019-12-30,8.435187339782715
2019-12-31,8.389592170715332
2020-01-02,8.430121421813965
2020-01-03,8.50104808807373
2020-01-06,8.51117992401123
2020-01-07,8.495983123779297
2020-01-08,8.379460334777832
2020-01-09,8.333864212036133
2020-01-10,8.333864212036133
2020-01-13,8.283202171325684
2020-01-14,8.308533668518066
2020-01-15,8.273070335388184
2020-01-16,8.2578706741333
2020-01-17,8.288268089294434
2020-01-21,8.24267292022705
2020-01-22,8.121084213256836
2020-01-23,8.065356254577637
2020-01-24,7.94883394241333
2020-01-27,7.801916122436523
2020-01-28,7.842444896697998
2020-01-29,7.812047004699707
2020-01-30,7.751254558563232
2020-01-31,7.665127754211426
2020-02-03,7.543539524078369
2020-02-04,7.553670883178711
2020-02-05,7.660061836242676
2020-02-06,7.6955246925354
2020-02-07,7.660061836242676
2020-02-10,7.59420108795166
2020-02-11,7.604334354400635
2020-02-12,7.7309889793396
2020-02-13,7.756319522857666
2020-02-14,7.746187210083008
2020-02-18,7.781651496887207
2020-02-19,7.857644081115723
2020-02-20,7.832312107086182
2020-02-21,7.784183025360107
2020-02-24,7.649930477142334
2020-02-25,7.497945308685303
2020-02-26,7.419419288635254
2020-02-27,7.305429935455322
2020-02-28,7.168643474578857
2020-03-02,7.3256940841674805
2020-03-03,7.345959186553955
2020-03-04,7.361156940460205
2020-03-05,7.254768371582031
2020-03-06,7.036922931671143
2020-03-09,6.4847092628479
2020-03-10,6.6873555183410645
2020-03-11,6.555635452270508
2020-03-12,6.27193021774292
2020-03-13,6.337789535522461
2020-03-16,6.059149742126465
2020-03-17,5.907164573669434
2020-03-18,5.724782466888428
2020-03-19,5.846370220184326
2020-03-20,5.805840969085693
2020-03-23,5.871700763702393
2020-03-24,6.013554096221924
2020-03-25,6.251664638519287
2020-03-26,6.033819198608398
2020-03-27,6.054083824157715
2020-03-30,6.013554096221924
2020-03-31,5.988223075866699
2020-04-01,5.821039199829102
2020-04-02,5.9324951171875
2020-04-03,6.114877223968506
2020-04-06,6.099679470062256
2020-04-07,6.1250104904174805
2020-04-08,6.109812259674072
2020-04-09,6.1300764083862305
2020-04-13,6.2313995361328125
2020-04-14,6.211135387420654
2020-04-15,6.074348449707031
2020-04-16,6.038885116577148
2020-04-17,6.064215660095215
2020-04-20,6.003421783447266
2020-04-21,5.785575866699219
2020-04-22,5.846370220184326
2020-04-23,5.836238384246826
2020-04-24,5.760245323181152
2020-04-27,5.6893181800842285
2020-04-28,5.684252738952637
2020-04-29,5.714649677276611
2020-04-30,5.815972805023193
2020-05-01,5.7754435539245605
2020-05-04,5.795708179473877
2020-05-05,5.92742919921875
2020-05-06,5.841304302215576
2020-05-07,5.836238384246826
2020-05-08,5.967958450317383
2020-05-11,5.907164573669434
2020-05-12,5.821039199829102
2020-05-13,5.7754435539245605
2020-05-14,5.881832599639893
2020-05-15,5.952760219573975
2020-05-18,6.140208721160889
2020-05-19,6.114877223968506
2020-05-20,6.211135387420654
2020-05-21,6.1706061363220215
2020-05-22,6.140208721160889
2020-05-26,6.206068992614746
2020-05-27,6.135141849517822
2020-05-28,6.150341510772705
2020-05-29,6.251664638519287
2020-06-01,6.27699613571167
2020-06-02,6.347921848297119
2020-06-03,6.342856407165527
2020-06-04,6.428980827331543
2020-06-05,6.540436267852783
2020-06-08,6.504974365234375
2020-06-09,6.535369873046875
2020-06-10,6.570833683013916
2020-06-11,6.363121032714844
2020-06-12,6.39858341217041
2020-06-15,6.444180011749268
2020-06-16,6.510039806365967
2020-06-17,6.48977518081665
2020-06-18,6.510039806365967
2020-06-19,6.565767288208008
2020-06-22,6.621495246887207
2020-06-23,6.598697662353516
2020-06-24,6.423914909362793
2020-06-25,6.469510555267334
2020-06-26,6.383386135101318
2020-06-29,6.515105724334717
2020-06-30,6.555635452270508
2020-07-01,6.606297492980957
2020-07-02,6.636693954467773
2020-07-06,6.667090892791748
2020-07-07,6.6721577644348145
2020-07-08,6.7608160972595215
2020-07-09,6.697488307952881
2020-07-10,6.743083477020264
2020-07-13,6.6721577644348145
2020-07-14,6.697488307952881
2020-07-15,6.7734808921813965
2020-07-16,6.717752933502197
2020-07-17,6.722819805145264
2020-07-20,6.722819805145264
2020-07-21,6.819076061248779
2020-07-22,6.859605312347412
2020-07-23,6.834274768829346
2020-07-24,6.85453987121582
2020-07-27,6.920399188995361
2020-07-28,6.884936809539795
2020-07-29,6.925467014312744
2020-07-30,6.834274768829346
2020-07-31,6.869738578796387
2020-08-03,6.940664291381836
2020-08-04,6.981194496154785
2020-08-05,7.036922931671143
2020-08-06,7.092649936676025
2020-08-07,6.99132776260376
2020-08-10,7.031856536865234
2020-08-11,6.920399188995361
2020-08-12,6.986260414123535
2020-08-13,7.041988849639893
2020-08-14,7.041988849639893
2020-08-17,7.153444290161133
2020-08-18,7.158511638641357
2020-08-19,7.148378372192383
2020-08-20,7.143311500549316
2020-08-21,7.062252998352051
2020-08-24,7.097716808319092
2020-08-25,7.163577556610107
2020-08-26,7.163577556610107
2020-08-27,7.153444290161133
2020-08-28,7.20917272567749
2020-08-31,7.19904088973999
2020-09-01,7.219305038452148
2020-09-02,7.128113269805908
2020-09-03,7.057188034057617
2020-09-04,7.006525039672852
2020-09-08,6.8241424560546875
2020-09-09,6.884936809539795
2020-09-10,6.808944225311279
2020-09-11,6.85453987121582
2020-09-14,6.874804973602295
2020-09-15,6.910267353057861
2020-09-16,7.016658306121826
2020-09-17,7.092649936676025
2020-09-18,7.128113269805908
2020-09-21,6.945731163024902
2020-09-22,6.927999973297119
2020-09-23,6.85453987121582
2020-09-24,6.884936809539795
2020-09-25,6.874804973602295
2020-09-28,6.940664291381836
2020-09-29,6.839341163635254
2020-09-30,6.925467014312744
2020-10-01,6.834274768829346
2020-10-02,6.7380170822143555
2020-10-05,6.925467014312744
2020-10-06,6.940664291381836
2020-10-07,6.965996265411377
2020-10-08,7.031856536865234
2020-10-09,7.067319869995117
2020-10-12,6.986260414123535
2020-10-13,6.996392726898193
2020-10-14,7.036922931671143
2020-10-15,7.057188034057617
2020-10-16,7.031856536865234
2020-10-19,7.016658306121826
2020-10-20,7.082518100738525
2020-10-21,7.052121162414551
2020-10-22,7.057188034057617
2020-10-23,6.99132776260376
2020-10-26,6.910267353057861
2020-10-27,6.950797080993652
2020-10-28,6.778547286987305
2020-10-29,6.697488307952881
2020-10-30,6.702554225921631
2020-11-02,6.808944225311279
2020-11-03,6.84947395324707
2020-11-04,6.9153337478637695
2020-11-05,6.945731163024902
2020-11-06,6.920399188995361
2020-11-09,6.99132776260376
2020-11-10,7.117981433868408
2020-11-11,7.123047351837158
2020-11-12,7.062252998352051
2020-11-13,7.031856536865234
2020-11-16,7.097716808319092
2020-11-17,7.1129150390625
2020-11-18,7.128113269805908
2020-11-19,7.128113269805908
2020-11-20,7.163577556610107
2020-11-23,7.188907623291016
2020-11-24,7.3510260581970215
2020-11-25,7.404220104217529
2020-11-27,7.391555309295654
2020-11-30,7.345959186553955
2020-12-01,7.315562725067139
2020-12-02,7.3510260581970215
2020-12-03,7.366223335266113
2020-12-04,7.391555309295654
2020-12-07,7.3864874839782715
2020-12-08,7.391555309295654
2020-12-09,7.3966217041015625
2020-12-10,7.508077621459961
2020-12-11,7.492877960205078
2020-12-14,7.518210411071777
2020-12-15,7.579003810882568
2020-12-16,7.624599456787109
2020-12-17,7.705657958984375
2020-12-18,7.746187210083008
2020-12-21,7.650430679321289
2020-12-22,7.574432373046875
2020-12-23,7.665629863739014
2020-12-24,7.675762176513672
2020-12-28,7.635230541229248
2020-12-29,7.665629863739014
2020-12-30,7.701095104217529
2020-12-31,7.731494903564453
2021-01-04,7.706162452697754
2021-01-05,7.924022674560547
2021-01-06,7.9442877769470215
2021-01-07,7.974687576293945
2021-01-08,8.040552139282227
2021-01-11,7.974687576293945
2021-01-12,8.111482620239258
2021-01-13,8.086149215698242
2021-01-14,8.162148475646973
2021-01-15,8.045618057250977
2021-01-19,8.06081771850586
2021-01-20,8.070950508117676
2021-01-21,8.070950508117676
2021-01-22,7.9493536949157715
2021-01-25,8.025351524353027
2021-01-26,8.035484313964844
2021-01-27,8.000019073486328
2021-01-28,7.979753494262695
2021-01-29,7.979753494262695
2021-02-01,8.136815071105957
2021-02-02,8.192546844482422
2021-02-03,8.258411407470703
2021-02-04,8.298942565917969
2021-02-05,8.35467529296875
2021-02-08,8.47627067565918
2021-02-09,8.506669998168945
2021-02-10,8.501604080200195
2021-02-11,8.47627067565918
2021-02-12,8.572535514831543
2021-02-16,8.694129943847656
2021-02-17,8.729597091674805
2021-02-18,8.694129943847656
2021-02-19,8.67893123626709
2021-02-22,8.891724586486816
2021-02-23,8.932256698608398
2021-02-24,9.058918952941895
2021-02-25,8.98798942565918
2021-02-26,8.805593490600586
2021-03-01,8.724529266357422
2021-03-02,8.749862670898438
2021-03-03,8.815727233886719
2021-03-04,8.947456359863281
2021-03-05,9.139984130859375
2021-03-08,9.018386840820312
2021-03-09,9.023454666137695
2021-03-10,9.07918643951416
2021-03-11,9.200782775878906
2021-03-12,9.180517196655273
2021-03-15,9.155182838439941
2021-03-16,9.114651679992676
2021-03-17,9.114651679992676
2021-03-18,8.689064979553223
2021-03-19,8.846125602722168
2021-03-22,8.846125602722168
2021-03-23,8.58773422241211
2021-03-24,8.815727233886719
2021-03-25,8.618133544921875
2021-03-26,8.825860977172852
2021-03-29,8.820794105529785
2021-03-30,8.714398384094238
2021-03-31,8.73213005065918
2021-04-01,8.881592750549316
2021-04-05,8.744796752929688
2021-04-06,8.800528526306152
2021-04-07,8.810661315917969
2021-04-08,8.8562593460083
2021-04-09,8.835994720458984
2021-04-12,8.830926895141602
2021-04-13,8.917057037353516
2021-04-14,9.139984130859375
2021-04-15,9.205849647521973
2021-04-16,9.200782775878906
2021-04-19,9.210915565490723
2021-04-20,9.185583114624023
2021-04-21,9.150116920471191
2021-04-22,9.226114273071289
2021-04-23,9.281846046447754
2021-04-26,9.357843399047852
2021-04-27,9.454107284545898
2021-04-28,9.464241027832031
2021-04-29,9.525038719177246
2021-04-30,9.438908576965332
2021-05-03,9.550372123718262
2021-05-04,9.702367782592773
2021-05-05,9.727700233459473
2021-05-06,9.783430099487305
2021-05-07,9.859427452087402
2021-05-10,9.813830375671387
2021-05-11,9.92529296875
2021-05-12,9.905027389526367
2021-05-13,9.641568183898926
2021-05-14,9.727700233459473
2021-05-17,9.839162826538086
2021-05-18,9.803695678710938
2021-05-19,9.575704574584961
2021-05-20,9.474374771118164
2021-05-21,9.580769538879395
2021-05-24,9.707432746887207
2021-05-25,9.656768798828125
2021-05-26,9.692233085632324
2021-05-27,9.834096908569336
2021-05-28,9.80876350402832
2021-06-01,9.981025695800781
2021-06-02,10.031689643859863
2021-06-03,9.95569133758545
2021-06-04,10.067155838012695
2021-06-07,10.087421417236328
2021-06-08,10.183686256408691
2021-06-09,10.127954483032227
2021-06-10,10.168484687805176
2021-06-11,10.133020401000977
2021-06-14,10.092488288879395
2021-06-15,10.051956176757812
2021-06-16,9.981025695800781
2021-06-17,9.737832069396973
2021-06-18,9.844228744506836
2021-06-21,9.970891952514648
2021-06-22,9.981025695800781
2021-06-23,10.04182243347168
2021-06-24,10.082353591918945
2021-06-25,10.046890258789062
2021-06-28,10.04182243347168
2021-06-29,10.077288627624512
2021-06-30,10.178619384765625
2021-07-01,10.24448299407959
2021-07-02,10.315414428710938
2021-07-06,10.04182243347168
2021-07-07,9.92022705078125
2021-07-08,10.001290321350098
2021-07-09,10.107686996459961
2021-07-12,10.127954483032227
2021-07-13,10.229284286499023
2021-07-14,10.117820739746094
2021-07-15,10.067155838012695
2021-07-16,10.04182243347168
2021-07-19,9.661834716796875
2021-07-20,9.788497924804688
2021-07-21,10.01142406463623
2021-07-22,10.102621078491211
2021-07-23,10.133020401000977
2021-07-26,10.21915054321289
2021-07-27,10.178619384765625
2021-07-28,10.229284286499023
2021-07-29,10.381278038024902
2021-07-30,10.320481300354004
2021-08-02,10.178619384765625
2021-08-03,10.16341781616211
2021-08-04,9.996223449707031
2021-08-05,10.122886657714844
2021-08-06,10.067155838012695
2021-08-09,9.92022705078125
2021-08-10,10.082353591918945
2021-08-11,10.173551559448242
2021-08-12,10.138086318969727
2021-08-13,10.092488288879395
2021-08-16,10.057022094726562
2021-08-17,9.950624465942383
2021-08-18,9.829029083251953
2021-08-19,9.692233085632324
2021-08-20,9.464241027832031
2021-08-23,9.768232345581055
2021-08-24,10.008890151977539
2021-08-25,10.112752914428711
2021-08-26,10.046890258789062
2021-08-27,10.158352851867676
2021-08-30,10.188752174377441
2021-08-31,10.148219108581543
2021-09-01,10.097555160522461
2021-09-02,10.234350204467773
2021-09-03,10.234350204467773
2021-09-07,10.117820739746094
2021-09-08,10.188752174377441
2021-09-09,10.107686996459961
2021-09-10,10.234350204467773
2021-09-13,10.310348510742188
2021-09-14,10.305281639099121
2021-09-15,10.482610702514648
2021-09-16,10.426877975463867
2021-09-17,10.33061408996582
2021-09-20,10.209017753601074
2021-09-21,10.198884010314941
2021-09-22,10.33568000793457
2021-09-23,10.482610702514648
2021-09-24,10.543407440185547
2021-09-27,10.690335273742676
2021-09-28,10.594071388244629
2021-09-29,10.609272956848145
2021-09-30,10.66500186920166
2021-10-01,10.832198143005371
2021-10-04,10.97912883758545
2021-10-05,11.141255378723145
2021-10-06,10.928462028503418
2021-10-07,11.065258026123047
2021-10-08,11.085524559020996
2021-10-11,11.181788444519043
2021-10-12,11.151388168334961
2021-10-13,11.227385520935059
2021-10-14,11.348982810974121
2021-10-15,11.445244789123535
2021-10-18,11.364180564880371
2021-10-19,11.38444709777832
2021-10-20,11.506043434143066
2021-10-21,11.328718185424805
2021-10-22,11.364180564880371
2021-10-25,11.419914245605469
2021-10-26,11.440178871154785
2021-10-27,11.237520217895508
2021-10-28,11.278050422668457
2021-10-29,11.212185859680176
2021-11-01,11.278050422668457
2021-11-02,11.308449745178223
2021-11-03,11.044992446899414
2021-11-04,10.968994140625
2021-11-05,11.115924835205078
2021-11-08,11.202054977416992
2021-11-09,11.267918586730957
2021-11-10,11.151388168334961
2021-11-11,11.227385520935059
2021-11-12,11.222319602966309
2021-11-15,11.222319602966309
2021-11-16,11.217252731323242
2021-11-17,11.120989799499512
2021-11-18,11.151388168334961
2021-11-19,10.9841947555542
2021-11-22,11.055124282836914
2021-11-23,11.262852668762207
2021-11-24,11.232452392578125
2021-11-26,10.573806762695312
2021-11-29,10.55860710144043
2021-11-30,10.269816398620605
2021-12-01,10.168484687805176
2021-12-02,10.279949188232422
2021-12-03,10.279949188232422
2021-12-06,10.459330558776855
2021-12-07,10.604215621948242
2021-12-08,10.749100685119629
2021-12-09,10.604215621948242
2021-12-10,10.714604377746582
2021-12-13,10.65941047668457
2021-12-14,10.569718360900879
2021-12-15,10.604215621948242
2021-12-16,10.693906784057617
2021-12-17,10.569718360900879
2021-12-20,10.481657981872559
2021-12-21,10.715449333190918
2021-12-22,10.840139389038086
2021-12-23,10.894689559936523
2021-12-27,11.034964561462402
2021-12-28,11.011585235595703
2021-12-29,11.066136360168457
2021-12-30,11.003791809082031
2021-12-31,10.957035064697266
2022-01-03,11.003791809082031
2022-01-04,11.144067764282227
2022-01-05,11.0817232131958
2022-01-06,11.16744613647461
2022-01-07,11.19861888885498
2022-01-10,11.151861190795898
2022-01-11,11.370065689086914
2022-01-12,11.463582992553711
2022-01-13,11.346688270568848
2022-01-14,11.486961364746094
2022-01-18,11.588271141052246
2022-01-19,11.635029792785645
2022-01-20,11.588271141052246
2022-01-21,11.603857040405273
2022-01-24,11.564892768859863
2022-01-25,11.673995018005371
2022-01-26,11.72075366973877
2022-01-27,11.775303840637207
2022-01-28,11.798685073852539
2022-01-31,11.81427001953125
2022-02-01,11.876614570617676
2022-02-02,11.946752548217773
2022-02-03,11.938958168029785
2022-02-04,12.040268898010254
2022-02-07,12.063647270202637
2022-02-08,11.977924346923828
2022-02-09,12.087027549743652
2022-02-10,12.040268898010254
2022-02-11,12.203923225402832
2022-02-14,12.27406120300293
2022-02-15,12.079233169555664
2022-02-16,12.087027549743652
2022-02-17,12.188337326049805
2022-02-18,12.235095024108887
2022-02-22,12.398749351501465
2022-02-23,12.515645027160645
2022-02-24,12.60136890411377
2022-02-25,12.383163452148438
2022-02-28,12.609162330627441
2022-03-01,13.131298065185547
2022-03-02,13.53653621673584
2022-03-03,13.731362342834473
2022-03-04,14.3080472946167
2022-03-07,14.6041841506958
2022-03-08,14.853561401367188
2022-03-09,13.684602737426758
2022-03-10,13.505363464355469
2022-03-11,13.739154815673828
2022-03-14,13.318329811096191
2022-03-15,12.967641830444336
2022-03-16,12.8897123336792
2022-03-17,13.489777565002441
2022-03-18,13.544326782226562
2022-03-21,14.082050323486328
2022-03-22,14.027497291564941
2022-03-23,14.36259937286377
2022-03-24,14.261289596557617
2022-03-25,14.36259937286377
2022-03-28,13.746947288513184
2022-03-29,13.746947288513184
2022-03-30,14.019704818725586
2022-03-31,13.746947288513184
2022-04-01,13.801498413085938
2022-04-04,14.089842796325684
2022-04-05,13.972947120666504
2022-04-06,13.863844871520996
2022-04-07,13.910601615905762
2022-04-08,14.082050323486328
2022-04-11,13.965154647827148
2022-04-12,14.378185272216797
2022-04-13,14.705493927001953
2022-04-14,14.845768928527832
2022-04-18,15.01721477508545
2022-04-19,14.619769096374512
2022-04-20,14.627561569213867
2022-04-21,14.596389770507812
2022-04-22,14.323633193969727
2022-04-25,14.222323417663574
2022-04-26,14.432738304138184
2022-04-27,14.541838645935059
2022-04-28,14.635355949401855
2022-04-29,14.53404426574707
2022-05-02,14.775629043579102
2022-05-03,14.526251792907715
2022-05-04,14.99383544921875
2022-05-05,14.93149185180664
2022-05-06,14.97045612335205
2022-05-09,14.315840721130371
2022-05-10,14.206738471984863
2022-05-11,14.541838645935059
2022-05-12,14.611976623535156
2022-05-13,14.78342342376709
2022-05-16,15.009422302246094
2022-05-17,14.892525672912598
2022-05-18,14.549633026123047
2022-05-19,14.728872299194336
2022-05-20,14.767837524414062
2022-05-23,14.853561401367188
2022-05-24,14.853561401367188
2022-05-25,14.947078704833984
2022-05-26,15.126317024230957
2022-05-27,15.328937530517578
2022-05-31,15.204248428344727
2022-06-01,15.305558204650879
2022-06-02,15.62507438659668
2022-06-03,15.773141860961914
2022-06-06,15.851070404052734
2022-06-07,15.95238208770752
2022-06-08,16.100448608398438
2022-06-09,16.123830795288086
2022-06-10,15.960174560546875
2022-06-13,15.765347480773926
2022-06-14,15.60948657989502
2022-06-15,15.593900680541992
2022-06-16,15.679625511169434
2022-06-17,15.102937698364258
2022-06-21,15.05617904663086
2022-06-22,14.791216850280762
2022-06-23,14.471700668334961
2022-06-24,14.588597297668457
2022-06-27,14.6041841506958
2022-06-28,14.736665725708008
2022-06-29,14.51845932006836
2022-06-30,14.058670043945312
2022-07-01,14.105427742004395
2022-07-05,13.193641662597656
2022-07-06,12.975435256958008
2022-07-07,13.48198413848877
2022-07-08,13.715775489807129
2022-07-11,13.746947288513184
2022-07-12,13.100123405456543
2022-07-13,13.154675483703613
2022-07-14,13.037779808044434
2022-07-15,13.209227561950684
2022-07-18,13.45860481262207
2022-07-19,13.520949363708496
2022-07-20,13.497570991516113
2022-07-21,13.24819278717041
2022-07-22,13.115710258483887
2022-07-25,13.333915710449219
2022-07-26,13.380674362182617
2022-07-27,13.661224365234375
2022-07-28,13.676810264587402
2022-07-29,13.731362342834473
2022-08-01,13.443018913269043
2022-08-02,13.372880935668945
2022-08-03,13.263778686523438
2022-08-04,13.123504638671875
2022-08-05,13.068952560424805
2022-08-08,13.23260498046875
2022-08-09,13.372880935668945
2022-08-10,13.51315689086914
2022-08-11,13.793705940246582
2022-08-12,13.746947288513184
2022-08-15,13.544326782226562
2022-08-16,13.411846160888672
2022-08-17,13.450811386108398
2022-08-18,13.65343189239502
2022-08-19,13.676810264587402
2022-08-22,13.793705940246582
2022-08-23,14.019704818725586
2022-08-24,14.159977912902832
2022-08-25,13.98073959350586
2022-08-26,14.011910438537598
2022-08-29,14.206738471984863
2022-08-30,13.848258018493652
2022-08-31,13.53653621673584
2022-09-01,13.27157211303711
2022-09-02,13.326122283935547
2022-09-06,13.255986213684082
2022-09-07,12.944262504577637
2022-09-08,12.998814582824707
2022-09-09,13.36508846282959
2022-09-12,13.559914588928223
2022-09-13,13.48198413848877
2022-09-14,13.528743743896484
2022-09-15,13.154675483703613
2022-09-16,13.107915878295898
2022-09-19,13.154675483703613
2022-09-20,13.162468910217285
2022-09-21,13.068952560424805
2022-09-22,13.084539413452148
2022-09-23,12.640334129333496
2022-09-26,12.351991653442383
2022-09-27,12.492265701293945
2022-09-28,12.82736587524414
2022-09-29,12.765022277832031
2022-09-30,12.609162330627441
2022-10-03,12.913089752197266
2022-10-04,13.255986213684082
2022-10-05,13.489777565002441
2022-10-06,13.583293914794922
2022-10-07,13.715775489807129
2022-10-10,13.598881721496582
2022-10-11,13.396261215209961
2022-10-12,13.36508846282959
2022-10-13,13.53653621673584
2022-10-14,13.294949531555176
2022-10-17,13.240400314331055
2022-10-18,13.084539413452148
2022-10-19,13.084539413452148
2022-10-20,13.092329978942871
2022-10-21,13.115710258483887
2022-10-24,13.162468910217285
2022-10-25,13.217018127441406
2022-10-26,13.45860481262207
2022-10-27,13.466397285461426
2022-10-28,13.34950065612793
2022-10-31,13.24819278717041
2022-11-01,13.4274320602417
2022-11-02,13.53653621673584
2022-11-03,13.51315689086914
2022-11-04,13.996325492858887
2022-11-07,13.902809143066406
2022-11-08,13.692395210266113
2022-11-09,13.388466835021973
2022-11-10,13.489777565002441
2022-11-11,13.739154815673828
2022-11-14,13.567707061767578
2022-11-15,13.715775489807129
2022-11-16,13.567707061767578
2022-11-17,13.333915710449219
2022-11-18,13.24819278717041
2022-11-21,13.193641662597656
2022-11-22,13.333915710449219
2022-11-23,13.139090538024902
2022-11-25,13.037779808044434
2022-11-28,12.952056884765625
2022-11-29,13.100123405456543
2022-11-30,13.419638633728027
2022-12-01,13.34950065612793
2022-12-02,13.209227561950684
2022-12-05,12.858539581298828
2022-12-06,12.663712501525879
2022-12-07,12.60136890411377
2022-12-08,12.570196151733398
2022-12-09,12.570196151733398
2022-12-12,12.710471153259277
2022-12-13,12.936470031738281
2022-12-14,13.045573234558105
2022-12-15,12.858539581298828
2022-12-16,12.694886207580566
2022-12-19,12.68427848815918
2022-12-20,12.737313270568848
2022-12-21,12.896418571472168
2022-12-22,12.746152877807617
2022-12-23,12.975973129272461
2022-12-27,13.09088134765625
2022-12-28,12.949453353881836
2022-12-29,12.93177604675293
2022-12-30,13.064364433288574
2023-01-03,12.737313270568848
2023-01-04,12.480975151062012
2023-01-05,12.42794132232666
2023-01-06,12.50749397277832
2023-01-09,12.68427848815918
2023-01-10,12.693116188049316
2023-01-11,12.922937393188477
2023-01-12,13.055525779724121
2023-01-13,13.188114166259766
2023-01-17,13.276505470275879
2023-01-18,13.126238822937012
2023-01-19,13.26766586303711
2023-01-20,13.338379859924316
2023-01-23,13.409092903137207
2023-01-24,13.329541206359863
2023-01-25,13.276505470275879
2023-01-26,13.347219467163086
2023-01-27,13.170434951782227
2023-01-30,12.984810829162598
2023-01-31,13.214630126953125
2023-02-01,12.949453353881836
2023-02-02,12.816865921020508
2023-02-03,12.516332626342773
2023-02-06,12.560529708862305
2023-02-07,12.808026313781738
2023-02-08,12.834546089172363
2023-02-09,12.710795402526855
2023-02-10,12.896418571472168
2023-02-13,12.887579917907715
2023-02-14,12.93177604675293
2023-02-15,12.76383113861084
2023-02-16,12.728473663330078
2023-02-17,12.62240219116211
2023-02-21,12.648921966552734
2023-02-22,12.472136497497559
2023-02-23,12.560529708862305
2023-02-24,12.50749397277832
2023-02-27,12.525172233581543
2023-02-28,12.578207015991211
2023-03-01,12.799187660217285
2023-03-02,12.75499153137207
2023-03-03,12.967133522033691
2023-03-06,12.905259132385254
2023-03-07,12.613564491271973
2023-03-08,12.54284954071045
2023-03-09,12.383745193481445
2023-03-10,12.525172233581543
2023-03-13,12.445618629455566
2023-03-14,12.28651237487793
2023-03-15,12.003658294677734
2023-03-16,12.04785442352295
2023-03-17,12.003658294677734
2023-03-20,12.056694030761719
2023-03-21,12.100890159606934
2023-03-22,12.145085334777832
2023-03-23,12.109728813171387
2023-03-24,12.153924942016602
2023-03-27,12.383745193481445
2023-03-28,12.436779975891113
2023-03-29,12.374905586242676
2023-03-30,12.454458236694336
2023-03-31,12.569368362426758
2023-04-03,12.781510353088379
2023-04-04,12.772669792175293
2023-04-05,12.816865921020508
2023-04-06,12.772669792175293
2023-04-10,12.799187660217285
2023-04-11,12.869902610778809
2023-04-12,12.949453353881836
2023-04-13,12.949453353881836
2023-04-14,12.958293914794922
2023-04-17,12.914097785949707
2023-04-18,12.949453353881836
2023-04-19,12.772669792175293
2023-04-20,12.648921966552734
2023-04-21,12.62240219116211
2023-04-24,12.701956748962402
2023-04-25,12.551689147949219
2023-04-26,12.348387718200684
2023-04-27,12.374905586242676
2023-04-28,12.50749397277832
2023-05-01,12.410262107849121
2023-05-02,12.109728813171387
2023-05-03,11.932944297790527
2023-05-04,11.985980033874512
2023-05-05,12.259995460510254
2023-05-08,12.339548110961914
2023-05-09,12.357226371765137
2023-05-10,12.321869850158691
2023-05-11,12.092050552368164
2023-05-12,12.012496948242188
2023-05-15,12.153924942016602
2023-05-16,12.03017520904541
2023-05-17,12.180441856384277
2023-05-18,12.056694030761719
2023-05-19,12.03901481628418
2023-05-22,12.03901481628418
2023-05-23,12.092050552368164
2023-05-24,12.109728813171387
2023-05-25,11.915266036987305
2023-05-26,12.109728813171387
2023-05-30,11.818034172058105
2023-05-31,11.69428539276123
2023-06-01,11.87106990814209
2023-06-02,12.04785442352295
2023-06-05,12.03017520904541
2023-06-06,12.03017520904541
2023-06-07,12.065532684326172
2023-06-08,12.074371337890625
2023-06-09,12.021336555480957
2023-06-12,11.85339069366455
2023-06-13,12.003658294677734
2023-06-14,12.03017520904541
2023-06-15,12.295352935791016
2023-06-16,12.463297843933105
2023-06-20,12.357226371765137
2023-06-21,12.525172233581543
2023-06-22,12.277674674987793
2023-06-23,12.145085334777832
2023-06-26,12.162764549255371
2023-06-27,11.968301773071289
2023-06-28,11.924104690551758
2023-06-29,11.932944297790527
2023-06-30,12.025755882263184
2023-07-03,12.03901481628418
2023-07-05,12.109728813171387
2023-07-06,12.100890159606934
2023-07-07,12.189282417297363
2023-07-10,12.215798377990723
2023-07-11,12.366066932678223
2023-07-12,12.463297843933105
2023-07-13,12.640082359313965
2023-07-14,12.551689147949219
2023-07-17,12.41910171508789
2023-07-18,12.587045669555664
2023-07-19,12.648921966552734
2023-07-20,12.701956748962402
2023-07-21,12.781510353088379
2023-07-24,13.002490043640137
2023-07-25,13.064364433288574
2023-07-26,12.993650436401367
2023-07-27,12.975973129272461
2023-07-28,13.029006958007812
2023-07-31,13.073203086853027
2023-08-01,13.011329650878906
2023-08-02,12.816865921020508
2023-08-03,12.922937393188477
2023-08-04,12.962713241577148
2023-08-07,12.958293914794922
2023-08-08,12.958293914794922
2023-08-09,13.037846565246582
2023-08-10,12.967133522033691
2023-08-11,12.958293914794922
2023-08-14,12.878740310668945
2023-08-15,12.737313270568848
2023-08-16,12.68427848815918
2023-08-17,12.710795402526855
2023-08-18,12.816865921020508
2023-08-21,12.772669792175293
2023-08-22,12.772669792175293
2023-08-23,12.808026313781738
2023-08-24,12.808026313781738
2023-08-25,12.93177604675293
2023-08-28,12.922937393188477
2023-08-29,12.958293914794922
2023-08-30,12.993650436401367
2023-08-31,13.037846565246582
2023-09-01,13.196952819824219
2023-09-05,13.249987602233887
2023-09-06,13.26766586303711
2023-09-07,13.249987602233887
2023-09-08,13.285344123840332
2023-09-11,13.347219467163086
2023-09-12,13.417933464050293
2023-09-13,13.444451332092285
2023-09-14,13.55936050415039
2023-09-15,13.515165328979492
2023-09-18,13.532843589782715
2023-09-19,13.515165328979492
2023-09-20,13.417933464050293
2023-09-21,13.364896774291992
2023-09-22,13.356057167053223
2023-09-25,13.303023338317871
2023-09-26,13.303023338317871
2023-09-27,13.373737335205078
2023-09-28,13.364896774291992
2023-09-29,13.214630126953125
2023-10-02,13.126238822937012
2023-10-03,13.064364433288574
2023-10-04,12.693116188049316
2023-10-05,12.631242752075195
2023-10-06,12.657759666442871
2023-10-09,12.914097785949707
2023-10-10,12.922937393188477
2023-10-11,12.8433837890625
2023-10-12,12.816865921020508
2023-10-13,13.143917083740234
2023-10-16,13.126238822937012
2023-10-17,13.161595344543457
2023-10-18,13.285344123840332
2023-10-19,13.409092903137207
2023-10-20,13.303023338317871
2023-10-23,13.223469734191895
2023-10-24,13.099721908569336
2023-10-25,13.196952819824219
2023-10-26,13.064364433288574
2023-10-27,13.249987602233887
2023-10-30,13.037846565246582
2023-10-31,12.975973129272461
2023-11-01,12.993650436401367
2023-11-02,13.135077476501465
2023-11-03,13.073203086853027
2023-11-06,13.135077476501465
2023-11-07,12.8433837890625
2023-11-08,12.693116188049316
2023-11-09,12.68427848815918
2023-11-10,12.728473663330078
2023-11-13,12.905259132385254
2023-11-14,12.887579917907715
2023-11-15,12.816865921020508
2023-11-16,12.50749397277832
2023-11-17,12.701956748962402
2023-11-20,12.838964462280273
2023-11-21,12.905259132385254
2023-11-22,12.799187660217285
2023-11-24,12.728473663330078
2023-11-27,12.640082359313965
2023-11-28,12.772669792175293
2023-11-29,12.887579917907715
2023-11-30,12.675437927246094
2023-12-01,12.59588623046875
2023-12-04,12.525172233581543
2023-12-05,12.410262107849121
2023-12-06,12.109728813171387
2023-12-07,12.12740707397461
2023-12-08,12.198121070861816
2023-12-11,12.153924942016602
2023-12-12,11.95062255859375
2023-12-13,12.100890159606934
2023-12-14,12.313031196594238
2023-12-15,12.321869850158691
2023-12-18,12.395544052124023
2023-12-19,12.515262603759766
2023-12-20,12.367916107177734
2023-12-21,12.386334419250488
2023-12-22,12.349496841430664
2023-12-26,12.469217300415039
2023-12-27,12.432379722595215
2023-12-28,12.331079483032227
2023-12-29,12.248197555541992
2024-01-02,12.146895408630371
2024-01-03,12.312660217285156
2024-01-04,12.257406234741211
2024-01-05,12.321870803833008
2024-01-08,12.119268417358398
2024-01-09,12.229777336120605
2024-01-10,12.146895408630371
2024-01-11,12.220569610595703
2024-01-12,12.26661491394043
2024-01-16,12.174524307250977
2024-01-17,12.137686729431152
2024-01-18,12.229777336120605
2024-01-19,12.202150344848633
2024-01-22,12.26661491394043
2024-01-23,12.321870803833008
2024-01-24,12.42317008972168
2024-01-25,12.50605297088623
2024-01-26,12.570516586303711
2024-01-29,12.469217300415039
2024-01-30,12.552099227905273
2024-01-31,12.450798034667969
2024-02-01,12.26661491394043
2024-02-02,12.137686729431152
2024-02-05,12.183732032775879
2024-02-06,12.220569610595703
2024-02-07,12.257406234741211
2024-02-08,12.349496841430664
2024-02-09,12.377123832702637
2024-02-12,12.386334419250488
2024-02-13,12.331079483032227
2024-02-14,12.174524307250977
2024-02-15,12.220569610595703
2024-02-16,12.257406234741211
2024-02-20,12.192941665649414
2024-02-21,12.257406234741211
2024-02-22,12.275823593139648
2024-02-23,12.09164047241211
2024-02-26,12.202150344848633
2024-02-27,12.285033226013184
2024-02-28,12.23898696899414
2024-02-29,12.211359977722168
2024-03-01,12.285033226013184
2024-03-04,12.321870803833008
2024-03-05,12.23898696899414
2024-03-06,12.331079483032227
2024-03-07,12.367916107177734
2024-03-08,12.331079483032227
2024-03-11,12.432379722595215
2024-03-12,12.395544052124023
2024-03-13,12.552099227905273
2024-03-14,12.607354164123535
2024-03-15,12.671818733215332
2024-03-18,12.782328605651855
2024-03-19,12.791537284851074
2024-03-20,12.736283302307129
2024-03-21,12.717864036560059
2024-03-22,12.634982109069824
2024-03-25,12.745491981506348
2024-03-26,12.644189834594727
2024-03-27,12.653399467468262
2024-03-28,12.77311897277832
2024-04-01,12.86521053314209
2024-04-02,12.994138717651367
2024-04-03,13.141486167907715
2024-04-04,13.187531471252441
2024-04-05,13.233577728271484
2024-04-08,13.233577728271484
2024-04-09,13.169114112854004
2024-04-10,13.21515941619873
2024-04-11,13.159904479980469
2024-04-12,13.196741104125977
2024-04-15,13.196741104125977
2024-04-16,13.196741104125977
2024-04-17,12.994138717651367
2024-04-18,12.966511726379395
2024-04-19,13.030976295471191
2024-04-22,13.04018497467041
2024-04-23,13.095440864562988
2024-04-24,13.086231231689453
2024-04-25,13.159904479980469
2024-04-26,13.159904479980469
2024-04-29,13.159904479980469
2024-04-30,12.984930038452148
2024-05-01,12.791537284851074
2024-05-02,12.809956550598145
2024-05-03,12.846792221069336
2024-05-06,12.97572135925293
2024-05-07,12.97572135925293
2024-05-08,12.929675102233887
2024-05-09,12.984930038452148
2024-05-10,12.948094367980957
2024-05-13,13.049394607543945
2024-05-14,12.97572135925293
2024-05-15,13.021767616271973
2024-05-16,13.067811965942383
2024-05-17,13.187531471252441
2024-05-20,13.316460609436035
2024-05-21,13.279623031616211
2024-05-22,13.104649543762207
2024-05-23,13.021767616271973
2024-05-24,13.086231231689453
2024-05-28,13.32567024230957
2024-05-29,13.187531471252441
2024-05-30,13.012557029724121
2024-05-31,12.938883781433105
2024-06-03,12.745491981506348
2024-06-04,12.61656379699707
2024-06-05,12.662609100341797
2024-06-06,12.8375825881958
2024-06-07,12.662609100341797
2024-06-10,12.846792221069336
2024-06-11,12.819165229797363
2024-06-12,12.86521053314209
2024-06-13,12.874420166015625
2024-06-14,12.8375825881958
2024-06-17,12.86521053314209
2024-06-18,12.966511726379395
2024-06-20,13.003348350524902
2024-06-21,12.929675102233887
2024-06-24,12.984930038452148
2024-06-25,12.902048110961914
2024-06-26,12.911256790161133
2024-06-27,12.966511726379395
2024-06-28,12.938883781433105
2024-07-01,13.104649543762207
2024-07-02,13.095440864562988
2024-07-03,13.169114112854004
2024-07-05,13.22436809539795
2024-07-08,13.058603286743164
2024-07-09,12.948094367980957
2024-07-10,12.948094367980957
2024-07-11,12.984930038452148
2024-07-12,12.938883781433105
2024-07-15,12.86521053314209
2024-07-16,12.800745964050293
2024-07-17,12.828374862670898
2024-07-18,12.754701614379883
2024-07-19,12.579726219177246
2024-07-22,12.579726219177246
2024-07-23,12.487635612487793
2024-07-24,12.460007667541504
2024-07-25,12.487635612487793
2024-07-26,12.377123832702637
2024-07-29,12.294242858886719
2024-07-30,12.248197555541992
2024-07-31,12.524471282958984
2024-08-01,12.386334419250488
2024-08-02,12.174524307250977
2024-08-05,12.15610408782959
2024-08-06,12.036385536193848
2024-08-07,12.165313720703125
2024-08-08,12.26661491394043
2024-08-09,12.331079483032227
2024-08-12,12.515262603759766
2024-08-13,12.395544052124023
2024-08-14,12.303450584411621
2024-08-15,12.404752731323242
2024-08-16,12.349496841430664
2024-08-19,12.285033226013184
2024-08-20,12.229777336120605
2024-08-21,12.15610408782959
2024-08-22,12.15610408782959
2024-08-23,12.367916107177734
2024-08-26,12.496843338012695
2024-08-27,12.450798034667969
2024-08-28,12.303450584411621
2024-08-29,12.432379722595215
2024-08-30,12.285033226013184
2024-09-03,12.045595169067383
2024-09-04,11.935084342956543
2024-09-05,11.962712287902832
2024-09-06,11.796947479248047
2024-09-09,11.852202415466309
2024-09-10,11.668018341064453
2024-09-11,11.778529167175293
2024-09-12,11.990340232849121
2024-09-13,12.017967224121094
2024-09-16,12.119268417358398
2024-09-17,12.202150344848633
2024-09-18,12.128477096557617
2024-09-19,12.340288162231445
2024-09-20,12.349496841430664
2024-09-23,12.349496841430664
2024-09-24,12.542890548706055
2024-09-25,12.450798034667969
2024-09-26,12.349496841430664
2024-09-27,12.395544052124023
2024-09-30,12.367916107177734
2024-10-01,12.579726219177246
2024-10-02,12.681028366088867
2024-10-03,12.88362979888916
2024-10-04,12.920465469360352
2024-10-07,13.104649543762207
2024-10-08,12.782328605651855
2024-10-09,12.690237045288086
2024-10-10,12.920465469360352
2024-10-11,12.938883781433105
2024-10-14,12.754701614379883
2024-10-15,12.496843338012695
2024-10-16,12.469217300415039
2024-10-17,12.469217300415039
2024-10-18,12.404752731323242
2024-10-21,12.469217300415039
2024-10-22,12.662609100341797
2024-10-23,12.625772476196289
2024-10-24,12.625772476196289
2024-10-25,12.671818733215332
2024-10-28,12.367916107177734
2024-10-29,12.349496841430664
2024-10-30,12.487635612487793
2024-10-31,12.561308860778809
2024-11-01,12.460007667541504
2024-11-04,12.634982109069824
2024-11-05,12.699445724487305
2024-11-06,12.579726219177246
2024-11-07,12.699445724487305
2024-11-08,12.524471282958984
2024-11-11,12.321870803833008
2024-11-12,12.248197555541992
2024-11-13,12.211359977722168
2024-11-14,12.192941665649414
2024-11-15,12.137686729431152
2024-11-18,12.395544052124023
2024-11-19,12.432379722595215
2024-11-20,12.450798034667969
2024-11-21,12.515262603759766
2024-11-22,12.552099227905273
2024-11-25,12.377123832702637
2024-11-26,12.377123832702637
2024-11-27,12.303450584411621
2024-11-29,12.340288162231445
2024-12-02,12.229777336120605
2024-12-03,12.367916107177734
2024-12-04,12.294242858886719
2024-12-05,12.312660217285156
2024-12-06,12.211359977722168
2024-12-09,12.312660217285156
2024-12-10,12.340288162231445
2024-12-11,12.50605297088623
2024-12-12,12.450798034667969
2024-12-13,12.450798034667969
2024-12-16,12.3587064743042
2024-12-17,12.285033226013184
2024-12-18,12.165313720703125
2024-12-19,12.146895408630371
2024-12-20,12.220569610595703
2024-12-23,12.263886451721191
2024-12-24,12.32164478302002
2024-12-26,12.2831392288208
2024-12-27,12.331271171569824
2024-12-30,12.446786880493164
2024-12-31,12.504544258117676
2025-01-02,12.639311790466309
2025-01-03,12.562301635742188
2025-01-06,12.591180801391602
2025-01-07,12.648938179016113
2025-01-08,12.629685401916504
2025-01-10,12.94735336303711
2025-01-13,13.014737129211426
2025-01-14,13.02436351776123
2025-01-15,13.188010215759277
2025-01-16,13.149504661560059
2025-01-17,13.091747283935547
2025-01-21,13.062868118286133
2025-01-22,13.033989906311035
2025-01-23,13.005110740661621
2025-01-24,13.005110740661621
2025-01-27,12.774080276489258
2025-01-28,12.802959442138672
2025-01-29,12.83183765411377
2025-01-30,12.83183765411377
2025-01-31,12.812585830688477
2025-02-03,12.9281005859375
2025-02-04,12.976231575012207
2025-02-05,12.870342254638672
2025-02-06,12.889595985412598
2025-02-07,12.899221420288086
2025-02-10,13.091747283935547
2025-02-11,13.188010215759277
2025-02-12,13.053242683410645
2025-02-13,13.091747283935547
2025-02-14,13.120626449584961
2025-02-18,13.293899536132812
2025-02-19,13.409415245056152
2025-02-20,13.447919845581055
2025-02-21,13.25539493560791
2025-02-24,13.216888427734375
2025-02-25,13.053242683410645
2025-02-26,12.956979751586914
2025-02-27,12.956979751586914
2025-02-28,12.860715866088867
2025-03-03,12.764453887939453
2025-03-04,12.788518905639648
2025-03-05,12.754827499389648
2025-03-06,12.72594928741455
2025-03-07,12.822211265563965
2025-03-10,12.745201110839844
2025-03-11,12.812585830688477
2025-03-12,12.822211265563965
2025-03-13,12.783705711364746
2025-03-14,12.822211265563965
2025-03-17,12.9281005859375
2025-03-18,12.899221420288086
2025-03-19,12.976231575012207
2025-03-20,12.995484352111816
2025-03-21,12.918474197387695
2025-03-24,12.966606140136719
2025-03-25,12.976231575012207
2025-03-26,12.966606140136719
2025-03-27,13.005110740661621
2025-03-28,12.956979751586914
2025-03-31,13.120626449584961
2025-04-01,13.139878273010254
2025-04-02,13.216888427734375
2025-04-03,12.687443733215332
2025-04-04,12.215755462646484
2025-04-07,12.032855987548828
2025-04-08,11.753693580627441
2025-04-09,12.235008239746094
2025-04-10,12.042482376098633
2025-04-11,12.215755462646484
2025-04-14,12.196502685546875
2025-04-15,12.167624473571777
2025-04-16,12.312018394470215
2025-04-17,12.408281326293945
2025-04-21,12.312018394470215
2025-04-22,12.340896606445312
2025-04-23,12.254260063171387
2025-04-24,12.350522994995117
2025-04-25,12.379402160644531
2025-04-28,12.32164478302002
2025-04-29,12.167624473571777
2025-04-30,11.97509765625
2025-05-01,12.013603210449219
2025-05-02,12.071361541748047
2025-05-05,11.984724044799805
2025-05-06,12.157998085021973
2025-05-07,12.032855987548828
2025-05-08,12.167624473571777
2025-05-09,12.2831392288208
2025-05-12,12.360150337219238
2025-05-13,12.523797035217285
2025-05-14,12.446786880493164
2025-05-15,12.32164478302002
2025-05-16,12.263886451721191
2025-05-19,12.225381851196289
2025-05-20,12.39865493774414
2025-05-21,12.379402160644531
2025-05-22,12.30239200592041
2025-05-23,12.379402160644531
2025-05-27,12.2831392288208
2025-05-28,12.225381851196289
2025-05-29,12.167624473571777
2025-05-30,12.071361541748047
2025-06-02,12.32164478302002
2025-06-03,12.408281326293945
2025-06-04,12.350522994995117
2025-06-05,12.408281326293945
2025-06-06,12.494916915893555
2025-06-09,12.504544258117676
2025-06-10,12.466038703918457
2025-06-11,12.668190956115723
2025-06-12,12.677817344665527
2025-06-13,13.033989906311035
2025-06-16,13.033989906311035
2025-06-17,13.293899536132812
2025-06-18,13.346843719482422
2025-06-20,13.380535125732422
2025-06-23,12.918474197387695
2025-06-24,12.591180801391602
2025-06-25,12.562301635742188
2025-06-26,12.610433578491211
2025-06-27,12.543048858642578
2025-06-30,12.552675247192383
2025-07-01,12.6200590133667
2025-07-02,12.822211265563965
2025-07-03,12.822211265563965
2025-07-07,12.79333209991455
2025-07-08,12.822211265563965
2025-07-09,12.812585830688477
2025-07-10,12.754827499389648
2025-07-11,12.9281005859375
2025-07-14,12.822211265563965
2025-07-15,12.79333209991455
2025-07-16,12.822211265563965
2025-07-17,12.90884780883789
2025-07-18,12.94735336303711
2025-07-21,12.90884780883789
2025-07-22,12.899221420288086
2025-07-23,12.870342254638672
2025-07-24,12.851090431213379
2025-07-25,12.72594928741455
2025-07-28,12.860715866088867
2025-07-29,13.02436351776123
2025-07-30,12.995484352111816
2025-07-31,12.870342254638672
2025-08-01,12.668190956115723
2025-08-04,12.629685401916504
2025-08-05,12.523797035217285
2025-08-06,12.494916915893555
2025-08-07,12.523797035217285
2025-08-08,12.504544258117676
2025-08-11,12.552675247192383
2025-08-12,12.504544258117676
2025-08-13,12.475665092468262
2025-08-14,12.523797035217285
2025-08-15,12.485291481018066
2025-08-18,12.504544258117676
2025-08-19,12.417906761169434
2025-08-20,12.543048858642578
2025-08-21,12.639311790466309
2025-08-22,12.668190956115723
2025-08-25,12.72594928741455
2025-08-26,12.639311790466309
2025-08-27,12.648938179016113
2025-08-28,12.735574722290039
2025-08-29,12.754827499389648
2025-09-02,12.956979751586914
2025-09-03,12.83183765411377
2025-09-04,12.745201110839844
2025-09-05,12.629685401916504
2025-09-08,12.72594928741455
2025-09-09,12.754827499389648
2025-09-10,12.851090431213379
2025-09-11,12.745201110839844
2025-09-12,12.812585830688477
2025-09-15,12.94735336303711
2025-09-16,13.072494506835938
2025-09-17,12.956979751586914
2025-09-18,12.87515640258789
2025-09-19,12.764453887939453
2025-09-22,12.754827499389648
2025-09-23,12.889595985412598
2025-09-24,12.976231575012207
2025-09-25,13.072494506835938
2025-09-26,13.082120895385742
2025-09-29,12.976231575012207
2025-09-30,12.9281005859375
2025-10-01,12.90884780883789
2025-10-02,12.802959442138672
2025-10-03,12.851090431213379
2025-10-06,12.985857963562012
2025-10-07,13.02436351776123
2025-10-08,13.053242683410645
2025-10-09,12.937726020812988
2025-10-10,12.668190956115723
2025-10-13,12.817398071289062
2025-10-14,12.677817344665527
2025-10-15,12.71632194519043
2025-10-16,12.69706916809082
2025-10-17,12.69706916809082
2025-10-20,12.822211265563965
2025-10-21,12.69706916809082
2025-10-22,12.889595985412598
2025-10-23,13.072494506835938
2025-10-24,13.091747283935547
2025-10-27,13.082120895385742
2025-10-28,12.937726020812988
2025-10-29,12.995484352111816
2025-10-30,13.033989906311035
2025-10-31,13.072494506835938
2025-11-03,13.207262992858887
2025-11-04,13.091747283935547
2025-11-05,13.072494506835938
2025-11-06,13.091747283935547
2025-11-07,13.120626449584961
2025-11-10,13.265020370483398
2025-11-11,13.34203052520752
2025-11-12,13.178383827209473
2025-11-13,13.130252838134766
2025-11-14,13.149504661560059
2025-11-17,13.130252838134766
2025-11-18,13.245768547058105
2025-11-19,13.111000061035156
2025-11-20,12.985857963562012
2025-11-21,12.918474197387695
2025-11-24,12.966606140136719
2025-11-25,12.90884780883789
2025-11-26,13.082120895385742
2025-11-28,13.236141204833984
2025-12-01,13.245768547058105
2025-12-02,13.188010215759277
2025-12-03,13.245768547058105
2025-12-04,13.284273147583008
2025-12-05,13.370909690856934
2025-12-08,13.207262992858887
2025-12-09,13.168758392333984
2025-12-10,13.265020370483398
2025-12-11,13.25539493560791
2025-12-12,13.120626449584961
2025-12-15,13.062868118286133
2025-12-16,12.937726020812988
2025-12-17,13.091747283935547
2025-12-18,13.014737129211426
2025-12-19,13.111000061035156
2025-12-22,13.270000457763672
2025-12-23,13.399999618530273
2025-12-24,13.420000076293945
2025-12-26,13.449999809265137
2025-12-29,13.34000015258789
2025-12-30,13.420000076293945
2025-12-31,13.25
2026-01-02,13.279999732971191
2026-01-05,13.529999732971191
2026-01-06,13.539999961853027
2026-01-07,13.40999984741211
2026-01-08,13.5600004196167
2026-01-09,13.5600004196167
2026-01-12,13.760000228881836
2026-01-13,13.859999656677246
2026-01-14,13.880000114440918
2026-01-15,13.770000457763672
2026-01-16,13.729999542236328
2026-01-20,13.930000305175781
2026-01-21,14.079999923706055
2026-01-22,14.09000015258789
2026-01-23,14.34000015258789
2026-01-26,14.420000076293945
2026-01-27,14.619999885559082
2026-01-28,14.819999694824219
2026-01-29,15.020000457763672
2026-01-30,14.520000457763672
2026-02-02,13.970000267028809
2026-02-03,14.329999923706055
2026-02-04,14.359999656677246
2026-02-05,14.119999885559082
2026-02-06,14.260000228881836
2026-02-09,14.399999618530273
2026-02-10,14.34000015258789
2026-02-11,14.489999771118164
2026-02-12,14.15999984741211
2026-02-13,14.170000076293945
2026-02-17,14.029999732971191
2026-02-18,14.40999984741211
2026-02-19,14.529999732971191
2026-02-20,14.640000343322754
2026-02-23,14.710000038146973
2026-02-24,14.699999809265137
2026-02-25,14.710000038146973
2026-02-26,14.720000267028809
2026-02-27,14.920000076293945
2026-03-02,15.359999656677246
2026-03-03,15.420000076293945
2026-03-04,15.5600004196167
2026-03-05,15.800000190734863
2026-03-06,16.3799991607666
2026-03-09,16.190000534057617
2026-03-10,16.440000534057617
2026-03-11,16.760000228881836
2026-03-12,17.209999084472656
2026-03-13,17.1299991607666
2026-03-16,16.899999618530273
2026-03-17,17.170000076293945
2026-03-18,17.459999084472656
2026-03-19,17.219999313354492
2026-03-20,17.329999923706055
2026-03-23,16.59000015258789
2026-03-24,16.8799991607666
2026-03-25,16.829999923706055
2026-03-26,17.020000457763672
2026-03-27,17.399999618530273
2026-03-30,17.5
2026-03-31,17.31999969482422
2026-04-01,17.100000381469727
2026-04-02,17.520000457763672
2026-04-06,17.549999237060547
2026-04-07,17.520000457763672
2026-04-08,17.010000228881836
2026-04-09,17.1200008392334
2026-04-10,16.969999313354492
2026-04-13,17.270000457763672
2026-04-14,17.18000030517578
2026-04-15,17.229999542236328
2026-04-16,17.350000381469727
2026-04-17,16.84000015258789
2026-04-20,17.100000381469727
2026-04-21,17.399999618530273
2026-04-22,17.59000015258789
2026-04-23,17.84000015258789
2026-04-24,17.790000915527344
2026-04-27,17.950000762939453
2026-04-28,18.06999969482422
2026-04-29,18.5
2026-04-30,18.530000686645508
2026-05-01,18.3700008392334
2026-05-04,18.68000030517578
2026-05-05,18.59000015258789
2026-05-06,18.030000686645508
2026-05-07,18.049999237060547
2026-05-08,18.06999969482422
2026-05-11,18.549999237060547
2026-05-12,18.90999984741211
2026-05-13,18.700000762939453
2026-05-14,18.600000381469727
2026-05-15,18.610000610351562
2026-05-18,18.719999313354492
2026-05-19,18.84000015258789
2026-05-20,18.420000076293945
2026-05-21,18.309999465942383
2026-05-22,18.200000762939453
2026-05-26,17.90999984741211
2026-05-27,17.600000381469727
2026-05-28,17.719999313354492
2026-05-29,17.6200008392334
2026-06-01,17.8700008392334
2026-06-02,17.979999542236328
2026-06-03,18.049999237060547
2026-06-04,17.850000381469727
2026-06-05,17.459999084472656
2026-06-08,17.6200008392334
